GradientMap:,large_hills_smooth.png
GradientMap Scale:,10*10
LMap TotalSize:,100
LMap FieldSize:,5
LMap Resolution:,20*20
Mode:,1
Gradient Speed:,0.15000000596046
Explore Speed:,2.5
Target Epsilon:,0.050000000745058
Width Factor:,2
Step Factor:,0.5
CP EpsilonRatio:,0.5
IMU Noise:,0.15000000596046


Time steps,Height
50,0.41176471114159
100,0.41176471114159
150,0.41176471114159
200,0.41176471114159
250,0.41176471114159
300,0.41176471114159
350,0.41176471114159
400,0.41568627953529
450,0.41568627953529
500,0.41568627953529
550,0.41568627953529
600,0.41568627953529
650,0.419607847929
700,0.419607847929
750,0.419607847929
800,0.41568627953529
850,0.41568627953529
900,0.41568627953529
950,0.41568627953529
1000,0.41568627953529
1050,0.41568627953529
1100,0.41568627953529
1149,0.41568627953529
1199,0.41568627953529
1249,0.41568627953529
1299,0.41568627953529
1349,0.419607847929
1399,0.419607847929
1449,0.42352941632271
1499,0.42352941632271
1549,0.42352941632271
1599,0.42352941632271
1649,0.42352941632271
1699,0.42352941632271
1749,0.42745098471642
1799,0.42745098471642
1849,0.42745098471642
1899,0.43137255311012
1949,0.43137255311012
1999,0.43137255311012
2049,0.43529412150383
2099,0.43529412150383
2149,0.43921568989754
2199,0.43921568989754
2249,0.43921568989754
2299,0.44313725829124
2349,0.44313725829124
2399,0.44705882668495
2449,0.44705882668495
2499,0.44705882668495
2549,0.44705882668495
2599,0.45098039507866
2649,0.45098039507866
2699,0.45098039507866
2749,0.45098039507866
2799,0.45490196347237
2849,0.45490196347237
2899,0.45490196347237
2949,0.45882353186607
2999,0.45882353186607
3049,0.46274510025978
3099,0.46274510025978
3149,0.46274510025978
3199,0.46274510025978
3249,0.46274510025978
3299,0.46666666865349
3349,0.46666666865349
3399,0.4705882370472
3449,0.4705882370472
3499,0.4705882370472
3549,0.4705882370472
3599,0.4705882370472
3649,0.4745098054409
3699,0.4745098054409
3749,0.4745098054409
3799,0.4745098054409
3849,0.4745098054409
3899,0.4745098054409
3949,0.4745098054409
3999,0.4745098054409
4049,0.47843137383461
4099,0.47843137383461
4149,0.47843137383461
4199,0.47843137383461
4249,0.47843137383461
4299,0.47843137383461
4349,0.48235294222832
4399,0.48235294222832
4449,0.48235294222832
4499,0.48235294222832
4549,0.48235294222832
4599,0.48235294222832
4649,0.48235294222832
4699,0.48235294222832
4750,0.48235294222832
4800,0.48627451062202
4850,0.48627451062202
4900,0.48627451062202
4950,0.48627451062202
5000,0.48627451062202
5050,0.48627451062202
5100,0.48627451062202
5150,0.49019607901573
5200,0.49019607901573
5250,0.49019607901573
5300,0.49019607901573
5350,0.49019607901573
5400,0.49019607901573
5450,0.49019607901573
5500,0.49019607901573
5550,0.49019607901573
5600,0.49019607901573
5650,0.49019607901573
5700,0.49019607901573
5750,0.49019607901573
5800,0.49411764740944
5850,0.49411764740944
5900,0.49411764740944
5950,0.49411764740944
6000,0.49411764740944
6050,0.49411764740944
6100,0.49803921580315
6150,0.49803921580315
6200,0.49803921580315
6250,0.49803921580315
6300,0.49803921580315
6350,0.49803921580315
6400,0.49803921580315
6450,0.49803921580315
6500,0.49803921580315
6550,0.50196081399918
6600,0.50196081399918
6650,0.50196081399918
6700,0.50196081399918
6750,0.50196081399918
6800,0.50196081399918
6850,0.50196081399918
6900,0.50196081399918
6950,0.50588238239288
7000,0.50588238239288
7050,0.50588238239288
7100,0.50588238239288
7150,0.50588238239288
7200,0.50588238239288
7250,0.50588238239288
7300,0.50588238239288
7350,0.50980395078659
7400,0.50588238239288
7450,0.50588238239288
7500,0.50588238239288
7550,0.50588238239288
7600,0.50588238239288
7650,0.50196081399918
7700,0.50196081399918
7750,0.50196081399918
7800,0.50196081399918
7850,0.50196081399918
7900,0.49803921580315
7950,0.49803921580315
8000,0.49803921580315
8050,0.49411764740944
8100,0.49411764740944
8150,0.49411764740944
8200,0.49411764740944
8250,0.49019607901573
8300,0.49019607901573
8350,0.48627451062202
8400,0.48627451062202
8450,0.48627451062202
8500,0.48235294222832
8550,0.48235294222832
8600,0.47843137383461
8650,0.47843137383461
8700,0.4745098054409
8750,0.4705882370472
8800,0.4705882370472
8850,0.4705882370472
8900,0.46666666865349
8950,0.46274510025978
9000,0.46274510025978
9050,0.46274510025978
9100,0.45882353186607
9150,0.45490196347237
9200,0.45490196347237
9250,0.45490196347237
9300,0.45098039507866
9350,0.45098039507866
9400,0.44705882668495
9450,0.44705882668495
9500,0.44313725829124
9550,0.43921568989754
9600,0.43921568989754
9650,0.43529412150383
9700,0.43137255311012
9750,0.43137255311012
9800,0.42745098471642
9850,0.42352941632271
9900,0.42352941632271
9950,0.419607847929
10000,0.419607847929
10050,0.41568627953529
10100,0.41176471114159
10150,0.41176471114159
10200,0.40784314274788
10250,0.40784314274788
10300,0.40392157435417
10350,0.40392157435417
10400,0.40392157435417
10450,0.40000000596046
10500,0.39607843756676
10550,0.39607843756676
10600,0.39607843756676
10650,0.39607843756676
10700,0.39607843756676
10750,0.39215686917305
10800,0.39215686917305
10850,0.38823530077934
10900,0.38823530077934
10950,0.38823530077934
11000,0.38823530077934
11050,0.38823530077934
11100,0.38431373238564
11150,0.38431373238564
11200,0.38431373238564
11250,0.38431373238564
11300,0.38431373238564
11350,0.38431373238564
11400,0.38431373238564
11450,0.38431373238564
11500,0.38431373238564
11550,0.38431373238564
11600,0.38431373238564
11650,0.38431373238564
11700,0.38431373238564
11750,0.38431373238564
11800,0.38431373238564
11850,0.38039216399193
11900,0.38431373238564
11950,0.38431373238564
12000,0.38431373238564
12050,0.38431373238564
12100,0.38431373238564
12150,0.38823530077934
12200,0.38823530077934
12250,0.38823530077934
12300,0.38823530077934
12350,0.38823530077934
12400,0.38823530077934
12450,0.39215686917305
12500,0.39215686917305
12550,0.39215686917305
12600,0.39607843756676
12650,0.39607843756676
12700,0.39607843756676
12750,0.40000000596046
12800,0.40000000596046
12850,0.40000000596046
12900,0.40392157435417
12950,0.40392157435417
13000,0.40784314274788
13050,0.40784314274788
13100,0.41176471114159
13150,0.41176471114159
13200,0.41568627953529
13250,0.41568627953529
13300,0.41568627953529
13350,0.419607847929
13400,0.419607847929
13450,0.42352941632271
13500,0.42745098471642
13550,0.43137255311012
13600,0.43137255311012
13650,0.43529412150383
13700,0.43921568989754
13750,0.43921568989754
13800,0.44313725829124
13850,0.44313725829124
13900,0.44705882668495
13950,0.45098039507866
14000,0.45098039507866
14050,0.45490196347237
14100,0.45882353186607
14150,0.46274510025978
14200,0.46274510025978
14250,0.46666666865349
14300,0.4705882370472
14350,0.4705882370472
14400,0.4745098054409
14450,0.4745098054409
14500,0.4745098054409
14550,0.47843137383461
14600,0.47843137383461
14650,0.48235294222832
14700,0.48235294222832
14750,0.48235294222832
14800,0.48235294222832
14850,0.48627451062202
14900,0.48627451062202
14950,0.48627451062202
15000,0.48627451062202
15050,0.48627451062202
15100,0.48627451062202
15150,0.48627451062202
15200,0.49019607901573
15250,0.49019607901573
15300,0.49019607901573
15350,0.49019607901573
15400,0.49019607901573
15450,0.49019607901573
15500,0.49019607901573
15550,0.49019607901573
15600,0.49019607901573
15650,0.49019607901573
15700,0.49019607901573
15750,0.49019607901573
15800,0.49019607901573
15850,0.49019607901573
15900,0.49019607901573
15950,0.49019607901573
16000,0.49019607901573
16050,0.48627451062202
16100,0.48627451062202
16150,0.48235294222832
16200,0.48235294222832
16250,0.48235294222832
16300,0.47843137383461
16350,0.4745098054409
16400,0.4745098054409
16450,0.4745098054409
16500,0.4705882370472
16550,0.46666666865349
16600,0.46666666865349
16650,0.46666666865349
16700,0.46274510025978
16750,0.46274510025978
16800,0.45882353186607
16850,0.45490196347237
16900,0.45490196347237
16950,0.45098039507866
17000,0.44705882668495
17050,0.44705882668495
17100,0.44313725829124
17150,0.44313725829124
17200,0.43921568989754
17250,0.43529412150383
17300,0.43137255311012
17350,0.43137255311012
17400,0.42745098471642
17450,0.42352941632271
17500,0.42352941632271
17550,0.419607847929
17600,0.419607847929
17650,0.41568627953529
17700,0.41176471114159
17750,0.41176471114159
17800,0.40784314274788
17850,0.40784314274788
17900,0.40392157435417
17950,0.40392157435417
18000,0.40000000596046
18050,0.40000000596046
18100,0.39607843756676
18150,0.39607843756676
18200,0.39607843756676
18250,0.39215686917305
18300,0.39215686917305
18350,0.38823530077934
18400,0.38823530077934
18450,0.38823530077934
18500,0.38823530077934
18550,0.38823530077934
18600,0.38431373238564
18650,0.38431373238564
18700,0.38431373238564
18750,0.38431373238564
18799,0.38431373238564
18849,0.38431373238564
18899,0.38431373238564
18949,0.38431373238564
18999,0.38431373238564
19049,0.38431373238564
19099,0.38039216399193
19149,0.38039216399193
19199,0.38039216399193
19249,0.38431373238564
19299,0.38431373238564
19349,0.38431373238564
19399,0.38431373238564
19449,0.38431373238564
19499,0.38431373238564
19549,0.38823530077934
19599,0.38823530077934
19649,0.38823530077934
19699,0.39215686917305
19749,0.39215686917305
19799,0.39215686917305
19849,0.39607843756676
19899,0.39607843756676
19949,0.40000000596046
19999,0.40000000596046
20049,0.40000000596046
20099,0.40392157435417
20149,0.40392157435417
20199,0.40784314274788
20249,0.40784314274788
20299,0.41176471114159
20349,0.41176471114159
20399,0.41568627953529
20449,0.41568627953529
20499,0.419607847929
20549,0.42352941632271
20599,0.42352941632271
20649,0.42745098471642
20699,0.42745098471642
20749,0.43137255311012
20799,0.43137255311012
20849,0.43529412150383
20899,0.43921568989754
20949,0.43921568989754
20999,0.44313725829124
21049,0.44705882668495
21099,0.44705882668495
21149,0.45098039507866
21199,0.45098039507866
21249,0.45490196347237
21299,0.45490196347237
21349,0.45882353186607
21399,0.46274510025978
21449,0.46274510025978
21499,0.46666666865349
21549,0.46666666865349
21599,0.4705882370472
21649,0.4745098054409
21699,0.4745098054409
21749,0.4745098054409
21799,0.47843137383461
21849,0.48235294222832
21899,0.48235294222832
21949,0.48235294222832
21999,0.48235294222832
22049,0.48627451062202
22099,0.48627451062202
22149,0.48627451062202
22199,0.48627451062202
22249,0.48627451062202
22299,0.48627451062202
22349,0.49019607901573
22399,0.49019607901573
22449,0.49019607901573
22499,0.49019607901573
22549,0.49019607901573
22599,0.49019607901573
22649,0.49019607901573
22699,0.48627451062202
22749,0.48627451062202
22799,0.48627451062202
22849,0.48627451062202
22899,0.48627451062202
22949,0.48627451062202
22999,0.48627451062202
23049,0.48235294222832
23099,0.48235294222832
23149,0.48235294222832
23199,0.48235294222832
23249,0.48235294222832
23299,0.47843137383461
23349,0.47843137383461
23399,0.47843137383461
23449,0.47843137383461
23499,0.4745098054409
23549,0.4745098054409
23599,0.4745098054409
23649,0.4705882370472
23699,0.4705882370472
23749,0.46666666865349
23799,0.46666666865349
23849,0.46666666865349
23899,0.46274510025978
23949,0.46274510025978
23999,0.45882353186607
24049,0.45882353186607
24099,0.45882353186607
24149,0.45490196347237
24199,0.45098039507866
24249,0.45098039507866
24299,0.45098039507866
24349,0.44705882668495
24399,0.44705882668495
24449,0.44313725829124
24499,0.44313725829124
24549,0.43921568989754
24599,0.43529412150383
24649,0.43529412150383
24699,0.43137255311012
24749,0.42745098471642
24799,0.42745098471642
24849,0.42745098471642
24899,0.42352941632271
24949,0.42352941632271
24999,0.419607847929
25049,0.419607847929
25099,0.41568627953529
25149,0.41568627953529
25199,0.41176471114159
25249,0.40784314274788
25299,0.40784314274788
25349,0.40784314274788
25399,0.40392157435417
25449,0.40392157435417
25499,0.40392157435417
25549,0.40000000596046
25599,0.40000000596046
25649,0.40000000596046
25699,0.39607843756676
25749,0.39607843756676
25799,0.39607843756676
25849,0.39607843756676
25899,0.39215686917305
25949,0.39215686917305
25999,0.39215686917305
26049,0.39215686917305
26099,0.39215686917305
26149,0.39215686917305
26199,0.39215686917305
26249,0.38823530077934
26299,0.38823530077934
26349,0.38823530077934
26399,0.38823530077934
26449,0.38823530077934
26499,0.38823530077934
26549,0.38823530077934
26599,0.38823530077934
26649,0.38823530077934
26699,0.38823530077934
26749,0.38823530077934
26799,0.38823530077934
26849,0.38823530077934
26899,0.38823530077934
26949,0.38823530077934
26999,0.38823530077934
27049,0.38823530077934
27099,0.38823530077934
27149,0.38823530077934
27199,0.38823530077934
27249,0.38823530077934
27299,0.38823530077934
27349,0.38823530077934
27399,0.39215686917305
27449,0.39215686917305
27499,0.39215686917305
27549,0.39215686917305
27599,0.39215686917305
27649,0.39215686917305
27699,0.39215686917305
27749,0.39607843756676
27799,0.39607843756676
27849,0.39607843756676
27899,0.39607843756676
27949,0.39607843756676
27999,0.39607843756676
28049,0.39607843756676
28099,0.40000000596046
28149,0.40000000596046
28199,0.40000000596046
28249,0.40392157435417
28299,0.40392157435417
28349,0.40392157435417
28399,0.40392157435417
28449,0.40784314274788
28499,0.40784314274788
28549,0.40784314274788
28599,0.40784314274788
28649,0.40784314274788
28699,0.41176471114159
28749,0.41176471114159
28799,0.41568627953529
28849,0.41568627953529
28899,0.41568627953529
28949,0.41568627953529
28999,0.41568627953529
29049,0.41568627953529
29099,0.41568627953529
29149,0.41568627953529
29199,0.41568627953529
29249,0.41568627953529
29299,0.41568627953529
29349,0.41568627953529
29399,0.41568627953529
29449,0.41568627953529
29499,0.41568627953529
29549,0.41568627953529
29599,0.41568627953529
29649,0.41568627953529
29699,0.41568627953529
29749,0.41568627953529
29799,0.41568627953529
29849,0.41176471114159
29899,0.41176471114159
29949,0.41176471114159
29999,0.41176471114159
30049,0.41176471114159
30099,0.40784314274788
30149,0.40784314274788
30199,0.40784314274788
30249,0.40784314274788
30299,0.40784314274788
30349,0.40392157435417
30399,0.40392157435417
30449,0.40392157435417
30499,0.40392157435417
30549,0.40000000596046
30599,0.40000000596046
30649,0.40000000596046
30699,0.40000000596046
30749,0.39607843756676
30799,0.39607843756676
30849,0.39607843756676
30899,0.39607843756676
30949,0.39215686917305
30999,0.39215686917305
31049,0.39215686917305
31099,0.39215686917305
31149,0.38823530077934
31199,0.38823530077934
31249,0.38823530077934
31299,0.38823530077934
31349,0.38823530077934
31399,0.38431373238564
31449,0.38431373238564
31499,0.38431373238564
31549,0.38431373238564
31599,0.38039216399193
31649,0.38039216399193
31699,0.38039216399193
31749,0.37647059559822
31799,0.37647059559822
31849,0.37647059559822
31899,0.37254902720451
31949,0.37254902720451
31999,0.36862745881081
32049,0.36862745881081
32099,0.36862745881081
32149,0.3647058904171
32199,0.3647058904171
32249,0.3647058904171
32299,0.36078432202339
32349,0.36078432202339
32399,0.36078432202339
32449,0.36078432202339
32499,0.35686275362968
32549,0.35686275362968
32599,0.35686275362968
32649,0.35686275362968
32699,0.35294118523598
32749,0.35294118523598
32799,0.35294118523598
32849,0.35294118523598
32899,0.35294118523598
32949,0.35294118523598
32999,0.34901961684227
33049,0.34901961684227
33099,0.34901961684227
33149,0.34901961684227
33199,0.34901961684227
33249,0.34901961684227
33299,0.34901961684227
33349,0.34901961684227
33399,0.34901961684227
33449,0.34901961684227
33499,0.34901961684227
33549,0.34901961684227
33599,0.34901961684227
33649,0.34509804844856
33699,0.34509804844856
33749,0.34509804844856
33799,0.34509804844856
33849,0.34509804844856
33899,0.34509804844856
33949,0.34901961684227
33999,0.34901961684227
34049,0.34901961684227
34099,0.34901961684227
34149,0.34901961684227
34199,0.34901961684227
34249,0.34901961684227
34299,0.34901961684227
34349,0.34901961684227
34399,0.35294118523598
34449,0.35294118523598
34499,0.35294118523598
34549,0.35686275362968
34599,0.35686275362968
34649,0.35686275362968
34699,0.36078432202339
34749,0.36078432202339
34799,0.36078432202339
34849,0.3647058904171
34899,0.3647058904171
34949,0.3647058904171
34999,0.36862745881081
35049,0.36862745881081
35099,0.36862745881081
35149,0.37254902720451
35199,0.37254902720451
35249,0.37254902720451
35299,0.37254902720451
35349,0.37647059559822
35399,0.37647059559822
35449,0.37647059559822
35499,0.37647059559822
35549,0.38039216399193
35599,0.38039216399193
35649,0.38039216399193
35699,0.38039216399193
35749,0.38039216399193
35799,0.38431373238564
35849,0.38431373238564
35899,0.38431373238564
35949,0.38431373238564
35999,0.38823530077934
36049,0.38823530077934
36099,0.38823530077934
36149,0.38823530077934
36199,0.38823530077934
36249,0.39215686917305
36299,0.39215686917305
36349,0.39215686917305
36399,0.39215686917305
36449,0.39215686917305
36499,0.39215686917305
36549,0.39607843756676
36599,0.39607843756676
36649,0.39607843756676
36699,0.39607843756676
36749,0.39607843756676
36799,0.39607843756676
36849,0.39607843756676
36899,0.40000000596046
36949,0.40000000596046
36999,0.40000000596046
37049,0.40000000596046
37099,0.40000000596046
37149,0.40000000596046
37199,0.40000000596046
37249,0.40000000596046
37299,0.40000000596046
37349,0.40000000596046
37399,0.40000000596046
37449,0.40000000596046
37499,0.40000000596046
37549,0.40000000596046
37599,0.40000000596046
37649,0.40000000596046
37699,0.40000000596046
37749,0.39607843756676
37799,0.39607843756676
37849,0.40000000596046
37899,0.40000000596046
37949,0.39607843756676
37999,0.39607843756676
38049,0.39607843756676
38099,0.39607843756676
38149,0.39607843756676
38199,0.39215686917305
38249,0.39215686917305
38299,0.39215686917305
38349,0.39215686917305
38399,0.39215686917305
38449,0.39215686917305
38499,0.39215686917305
38549,0.39215686917305
38599,0.38823530077934
38649,0.38823530077934
38699,0.38823530077934
38749,0.38823530077934
38799,0.38823530077934
38849,0.38823530077934
38899,0.38431373238564
38949,0.38431373238564
38999,0.38431373238564
39049,0.38431373238564
39099,0.38039216399193
39149,0.38039216399193
39199,0.38039216399193
39249,0.38039216399193
39299,0.38039216399193
39349,0.38039216399193
39399,0.37647059559822
39449,0.37647059559822
39499,0.37647059559822
39549,0.37647059559822
39599,0.37647059559822
39649,0.37254902720451
39699,0.37254902720451
39749,0.37254902720451
39799,0.36862745881081
39849,0.36862745881081
39899,0.36862745881081
39949,0.3647058904171
39999,0.3647058904171
40049,0.3647058904171
40099,0.36078432202339
40149,0.36078432202339
40199,0.36078432202339
40249,0.36078432202339
40299,0.35686275362968
40349,0.35686275362968
40399,0.35686275362968
40449,0.35686275362968
40499,0.35686275362968
40549,0.35294118523598
40599,0.35294118523598
40649,0.35294118523598
40699,0.35294118523598
40749,0.35294118523598
40799,0.35294118523598
40849,0.35294118523598
40899,0.35294118523598
40949,0.34901961684227
40999,0.34901961684227
41049,0.34901961684227
41099,0.34901961684227
41149,0.34901961684227
41199,0.34901961684227
41249,0.34901961684227
41299,0.34901961684227
41349,0.34901961684227
41399,0.34901961684227
41449,0.34901961684227
41499,0.34901961684227
41549,0.34901961684227
41599,0.34901961684227
41649,0.34901961684227
41699,0.34901961684227
41749,0.34901961684227
41799,0.34901961684227
41849,0.34901961684227
41899,0.34901961684227
41949,0.34901961684227
41999,0.34901961684227
42049,0.34901961684227
42099,0.34901961684227
42149,0.34901961684227
42199,0.34901961684227
42249,0.34901961684227
42299,0.34901961684227
42349,0.35294118523598
42399,0.35294118523598
42449,0.35294118523598
42499,0.35294118523598
42549,0.35294118523598
42599,0.35294118523598
42649,0.35294118523598
42699,0.35294118523598
42749,0.35294118523598
42799,0.35686275362968
42849,0.35686275362968
42899,0.35686275362968
42949,0.35686275362968
42999,0.35686275362968
43049,0.35686275362968
43099,0.35686275362968
43149,0.35686275362968
43199,0.35686275362968
43249,0.35686275362968
43299,0.36078432202339
43349,0.35686275362968
43399,0.35686275362968
43449,0.35686275362968
43499,0.36078432202339
43549,0.36078432202339
43599,0.36078432202339
43649,0.36078432202339
43699,0.36078432202339
43749,0.35686275362968
43799,0.35686275362968
43849,0.35686275362968
43899,0.35686275362968
43949,0.35686275362968
43999,0.35686275362968
44049,0.35686275362968
44099,0.35686275362968
44149,0.35686275362968
44199,0.35294118523598
44249,0.35686275362968
44299,0.35294118523598
44349,0.35294118523598
44399,0.35294118523598
44449,0.35294118523598
44499,0.35294118523598
44549,0.35294118523598
44599,0.35294118523598
44649,0.35294118523598
44699,0.35294118523598
44749,0.35294118523598
44799,0.35294118523598
44849,0.35294118523598
44899,0.35294118523598
44949,0.34901961684227
44999,0.34901961684227
45049,0.34901961684227
45099,0.34901961684227
45149,0.34901961684227
45199,0.34901961684227
45249,0.34901961684227
45299,0.34901961684227
45349,0.34901961684227
45399,0.34901961684227
45449,0.34901961684227
45499,0.34901961684227
45549,0.34901961684227
45599,0.34901961684227
45649,0.34901961684227
45699,0.34901961684227
45749,0.34901961684227
45799,0.34901961684227
45849,0.34509804844856
45899,0.34509804844856
45949,0.34509804844856
45999,0.34509804844856
46049,0.34509804844856
46099,0.34901961684227
46149,0.34509804844856
46199,0.34509804844856
46249,0.34509804844856
46299,0.34509804844856
46349,0.34509804844856
46399,0.34509804844856
46449,0.34509804844856
46499,0.34509804844856
46549,0.34509804844856
46599,0.34509804844856
46649,0.34509804844856
46699,0.34509804844856
46749,0.34509804844856
46799,0.34509804844856
46849,0.34509804844856
46899,0.34509804844856
46949,0.34509804844856
46999,0.34509804844856
47049,0.34509804844856
47099,0.34509804844856
47149,0.34509804844856
47199,0.34509804844856
47249,0.34509804844856
47299,0.34509804844856
47349,0.34509804844856
47399,0.34509804844856
47449,0.34509804844856
47499,0.34509804844856
47549,0.34509804844856
47599,0.34509804844856
47649,0.34509804844856
47699,0.34509804844856
47749,0.34509804844856
47799,0.34509804844856
47849,0.34509804844856
47899,0.34509804844856
47949,0.34509804844856
47999,0.34509804844856
48049,0.34509804844856
48099,0.34509804844856
48149,0.34509804844856
48199,0.34117648005486
48249,0.34117648005486
48299,0.34509804844856
48349,0.34117648005486
48399,0.34117648005486
48449,0.34117648005486
48499,0.34117648005486
48549,0.34117648005486
48599,0.34117648005486
48649,0.34117648005486
48699,0.34117648005486
48749,0.34117648005486
48799,0.34117648005486
48849,0.34117648005486
48899,0.34117648005486
48949,0.34117648005486
48999,0.34117648005486
49049,0.34117648005486
49099,0.34117648005486
49149,0.34117648005486
49199,0.34117648005486
49249,0.34117648005486
49299,0.34117648005486
49349,0.34117648005486
49399,0.34509804844856
49449,0.34509804844856
49499,0.34509804844856
49549,0.34509804844856
49599,0.34509804844856
49649,0.34509804844856
49699,0.34901961684227
49749,0.34901961684227
49799,0.34901961684227
49849,0.34901961684227
49899,0.34901961684227
49949,0.34901961684227
49999,0.34901961684227
50049,0.34901961684227
50099,0.34901961684227
50149,0.35294118523598
50199,0.35294118523598
50249,0.35294118523598
50299,0.35294118523598
50349,0.35294118523598
50399,0.35294118523598
50449,0.35686275362968
50499,0.35686275362968
50549,0.35294118523598
50599,0.35294118523598
50649,0.35294118523598
50699,0.35294118523598
50749,0.35686275362968
50799,0.35294118523598
50849,0.35294118523598
50899,0.35294118523598
50949,0.35294118523598
50999,0.35294118523598
51049,0.35294118523598
51099,0.35294118523598
51149,0.35294118523598
51199,0.35294118523598
51249,0.35294118523598
51299,0.35294118523598
51349,0.35294118523598
51399,0.35294118523598
51449,0.35294118523598
51499,0.35294118523598
51549,0.35294118523598
51599,0.35294118523598
51649,0.35294118523598
51699,0.35294118523598
51749,0.35294118523598
51799,0.35294118523598
51849,0.35294118523598
51899,0.35294118523598
51949,0.35294118523598
51999,0.35294118523598
52049,0.35294118523598
52099,0.35294118523598
52149,0.35294118523598
52199,0.35294118523598
52249,0.35294118523598
52299,0.35294118523598
52349,0.35294118523598
52399,0.34901961684227
52449,0.34901961684227
52499,0.34901961684227
52549,0.34901961684227
52599,0.34901961684227
52649,0.34901961684227
52699,0.34901961684227
52749,0.34901961684227
52799,0.34901961684227
52849,0.34901961684227
52899,0.34901961684227
52949,0.34901961684227
52999,0.34901961684227
53049,0.34901961684227
53099,0.34901961684227
53149,0.34901961684227
53199,0.34901961684227
53249,0.34901961684227
53299,0.34901961684227
53349,0.34901961684227
53399,0.34901961684227
53449,0.34901961684227
53499,0.34901961684227
53549,0.34901961684227
53599,0.34509804844856
53649,0.34509804844856
53699,0.34509804844856
53749,0.34509804844856
53799,0.34509804844856
53849,0.34509804844856
53899,0.34509804844856
53949,0.34509804844856
53999,0.34509804844856
54049,0.34509804844856
54099,0.34117648005486
54149,0.34117648005486
54199,0.34117648005486
54249,0.34117648005486
54299,0.34117648005486
54349,0.34117648005486
54399,0.34117648005486
54449,0.34117648005486
54499,0.34117648005486
54549,0.34117648005486
54599,0.34117648005486
54649,0.34117648005486
54699,0.34117648005486
54749,0.34117648005486
54799,0.34117648005486
54849,0.34117648005486
54899,0.34117648005486
54949,0.34117648005486
54999,0.34117648005486
55049,0.34117648005486
55099,0.34117648005486
55149,0.34117648005486
55199,0.34117648005486
55249,0.34117648005486
55299,0.34117648005486
55349,0.34117648005486
55399,0.34117648005486
55449,0.34117648005486
55499,0.34117648005486
55549,0.34117648005486
55599,0.34117648005486
55649,0.34117648005486
55699,0.34117648005486
55749,0.34117648005486
55799,0.34117648005486
55849,0.34117648005486
55899,0.34117648005486
55949,0.34117648005486
55999,0.34117648005486
56049,0.34117648005486
56099,0.34117648005486
56149,0.34117648005486
56199,0.34117648005486
56249,0.34509804844856
56299,0.34509804844856
56349,0.34509804844856
56399,0.34509804844856
56449,0.34509804844856
56499,0.34901961684227
56549,0.34901961684227
56599,0.34901961684227
56649,0.34901961684227
56699,0.34901961684227
56749,0.34901961684227
56799,0.34901961684227
56849,0.35294118523598
56899,0.35294118523598
56949,0.35294118523598
56999,0.35294118523598
57049,0.35294118523598
57099,0.35294118523598
57149,0.35294118523598
57199,0.35294118523598
57249,0.35686275362968
57299,0.35686275362968
57349,0.35686275362968
57399,0.35686275362968
57449,0.35686275362968
57499,0.35686275362968
57549,0.35686275362968
57599,0.35686275362968
57649,0.35686275362968
57699,0.35686275362968
57749,0.36078432202339
57799,0.36078432202339
57849,0.36078432202339
57899,0.36078432202339
57949,0.36078432202339
57999,0.36078432202339
58049,0.36078432202339
58099,0.36078432202339
58149,0.36078432202339
58199,0.36078432202339
58249,0.36078432202339
58299,0.36078432202339
58349,0.3647058904171
58399,0.3647058904171
58449,0.3647058904171
58499,0.3647058904171
58549,0.3647058904171
58599,0.3647058904171
58649,0.3647058904171
58699,0.3647058904171
58749,0.3647058904171
58799,0.3647058904171
58849,0.3647058904171
58899,0.3647058904171
58949,0.3647058904171
58999,0.3647058904171
59049,0.3647058904171
59099,0.3647058904171
59149,0.3647058904171
59199,0.3647058904171
59249,0.36862745881081
59299,0.36862745881081
59349,0.36862745881081
59399,0.36862745881081
59449,0.36862745881081
59499,0.36862745881081
59549,0.37254902720451
59599,0.37254902720451
59649,0.37254902720451
59699,0.36862745881081
59749,0.36862745881081
59799,0.36862745881081
59849,0.36862745881081
59899,0.36862745881081
59949,0.36862745881081
59999,0.36862745881081
60049,0.36862745881081
60099,0.36862745881081
60149,0.36862745881081
60199,0.36862745881081
60249,0.36862745881081
60299,0.36862745881081
60349,0.36862745881081
60399,0.36862745881081
60449,0.36862745881081
60499,0.36862745881081
60549,0.3647058904171
60599,0.3647058904171
60649,0.36862745881081
60699,0.36862745881081
60749,0.3647058904171
60799,0.3647058904171
60849,0.3647058904171
60899,0.3647058904171
60949,0.3647058904171
60999,0.3647058904171
61049,0.3647058904171
61099,0.3647058904171
61149,0.3647058904171
61199,0.3647058904171
61249,0.3647058904171
61299,0.36078432202339
61349,0.36078432202339
61399,0.36078432202339
61449,0.36078432202339
61499,0.36078432202339
61549,0.36078432202339
61599,0.36078432202339
61649,0.36078432202339
61699,0.36078432202339
61749,0.36078432202339
61799,0.36078432202339
61849,0.36078432202339
61899,0.36078432202339
61949,0.36078432202339
61999,0.35686275362968
62049,0.35686275362968
62099,0.35686275362968
62149,0.35686275362968
62199,0.35686275362968
62249,0.35686275362968
62299,0.35686275362968
62349,0.35686275362968
62399,0.35686275362968
62449,0.35294118523598
62499,0.35294118523598
62549,0.35294118523598
62599,0.35294118523598
62649,0.35294118523598
62699,0.35294118523598
62749,0.35294118523598
62799,0.35294118523598
62849,0.35294118523598
62899,0.34901961684227
62949,0.34901961684227
62999,0.34901961684227
63049,0.34901961684227
63099,0.34901961684227
63149,0.34901961684227
63199,0.34901961684227
63249,0.34901961684227
63299,0.34901961684227
63349,0.34901961684227
63399,0.34901961684227
63449,0.34901961684227
63499,0.34901961684227
63549,0.34901961684227
63599,0.34901961684227
63649,0.34901961684227
63699,0.34901961684227
63749,0.34901961684227
63799,0.34901961684227
63849,0.35294118523598
63899,0.35294118523598
63949,0.35294118523598
63999,0.35294118523598
64049,0.35294118523598
64099,0.35294118523598
64149,0.35686275362968
64199,0.35686275362968
64249,0.35686275362968
64299,0.36078432202339
64349,0.36078432202339
64399,0.36078432202339
64449,0.36078432202339
64499,0.3647058904171
64549,0.3647058904171
64599,0.36862745881081
64649,0.36862745881081
64699,0.37254902720451
64749,0.37254902720451
64799,0.37254902720451
64849,0.37254902720451
64899,0.37647059559822
64949,0.37647059559822
64999,0.37647059559822
65049,0.37647059559822
65099,0.38039216399193
65149,0.38039216399193
65199,0.38039216399193
65249,0.38431373238564
65299,0.38431373238564
65349,0.38431373238564
65399,0.38431373238564
65449,0.38431373238564
65499,0.38823530077934
65549,0.38823530077934
65599,0.38823530077934
65649,0.38823530077934
65699,0.39215686917305
65749,0.39215686917305
65799,0.39215686917305
65849,0.39215686917305
65899,0.39215686917305
65949,0.39215686917305
65999,0.39215686917305
66049,0.39215686917305
66099,0.39215686917305
66149,0.39215686917305
66199,0.39215686917305
66249,0.39215686917305
66299,0.39607843756676
66349,0.39607843756676
66399,0.39607843756676
66449,0.39607843756676
66499,0.39607843756676
66549,0.39607843756676
66599,0.39607843756676
66649,0.39607843756676
66699,0.39607843756676
66749,0.39607843756676
66799,0.39215686917305
66849,0.39215686917305
66899,0.39215686917305
66949,0.39215686917305
66999,0.39215686917305
67049,0.39215686917305
67099,0.39215686917305
67149,0.39215686917305
67199,0.39215686917305
67249,0.39215686917305
67299,0.39215686917305
67349,0.39215686917305
67399,0.39215686917305
67449,0.39215686917305
67499,0.39215686917305
67549,0.39215686917305
67599,0.39215686917305
67649,0.39215686917305
67699,0.38823530077934
67749,0.38823530077934
67799,0.38823530077934
67849,0.38823530077934
67899,0.38823530077934
67949,0.38823530077934
67999,0.38823530077934
68049,0.38431373238564
68099,0.38431373238564
68149,0.38431373238564
68199,0.38039216399193
68249,0.38039216399193
68299,0.38039216399193
68349,0.38039216399193
68399,0.38039216399193
68449,0.37647059559822
68499,0.37647059559822
68549,0.37647059559822
68599,0.37647059559822
68649,0.37254902720451
68699,0.37254902720451
68749,0.37254902720451
68799,0.37254902720451
68849,0.37254902720451
68899,0.36862745881081
68949,0.36862745881081
68999,0.36862745881081
69049,0.36862745881081
69099,0.3647058904171
69149,0.3647058904171
69199,0.3647058904171
69249,0.3647058904171
69299,0.3647058904171
69349,0.3647058904171
69399,0.36078432202339
69449,0.36078432202339
69499,0.36078432202339
69549,0.36078432202339
69599,0.36078432202339
69649,0.36078432202339
69699,0.36078432202339
69749,0.36078432202339
69799,0.36078432202339
69849,0.36078432202339
69899,0.36078432202339
69949,0.36078432202339
69999,0.36078432202339
70049,0.36078432202339
70099,0.36078432202339
70149,0.36078432202339
70199,0.36078432202339
70249,0.36078432202339
70299,0.36078432202339
70349,0.36078432202339
70399,0.36078432202339
70449,0.36078432202339
70499,0.36078432202339
70549,0.3647058904171
70599,0.3647058904171
70649,0.3647058904171
70699,0.3647058904171
70749,0.3647058904171
70799,0.3647058904171
70849,0.36862745881081
70899,0.36862745881081
70949,0.36862745881081
70999,0.37254902720451
71049,0.37254902720451
71099,0.37254902720451
71149,0.37254902720451
71199,0.37647059559822
71249,0.37647059559822
71299,0.37647059559822
71349,0.37647059559822
71399,0.38039216399193
71449,0.38039216399193
71499,0.38039216399193
71549,0.38431373238564
71599,0.38431373238564
71649,0.38823530077934
71699,0.38823530077934
71749,0.39215686917305
71799,0.39215686917305
71849,0.39215686917305
71899,0.39607843756676
71949,0.39607843756676
71999,0.39607843756676
72049,0.40000000596046
72099,0.40000000596046
72149,0.40000000596046
72199,0.40392157435417
72249,0.40392157435417
72299,0.40392157435417
72349,0.40784314274788
72399,0.41176471114159
72449,0.41176471114159
72499,0.41176471114159
72549,0.41568627953529
72599,0.41568627953529
72649,0.41568627953529
72699,0.419607847929
72749,0.419607847929
72799,0.419607847929
72849,0.42352941632271
72899,0.42352941632271
72949,0.42352941632271
72999,0.42745098471642
73049,0.42745098471642
73099,0.42745098471642
73149,0.43137255311012
73199,0.43137255311012
73249,0.43137255311012
73299,0.43137255311012
73349,0.43529412150383
73399,0.43529412150383
73449,0.43529412150383
73499,0.43529412150383
73549,0.43529412150383
73599,0.43529412150383
73649,0.43529412150383
73699,0.43529412150383
73749,0.43529412150383
73799,0.43529412150383
73849,0.43529412150383
73899,0.43529412150383
73949,0.43529412150383
73999,0.43529412150383
74049,0.43921568989754
74099,0.43921568989754
74149,0.43921568989754
74199,0.43921568989754
74249,0.43529412150383
74299,0.43529412150383
74349,0.43529412150383
74399,0.43529412150383
74449,0.43529412150383
74499,0.43529412150383
74549,0.43529412150383
74599,0.43529412150383
74649,0.43137255311012
74699,0.43137255311012
74749,0.43137255311012
74799,0.43137255311012
74849,0.42745098471642
74899,0.42745098471642
74949,0.42352941632271
74999,0.42352941632271
75049,0.42352941632271
75099,0.419607847929
75149,0.419607847929
75199,0.41568627953529
75249,0.41568627953529
75299,0.41568627953529
75349,0.41176471114159
75400,0.41176471114159
75450,0.40784314274788
75500,0.40784314274788
75550,0.40392157435417
75600,0.40392157435417
75650,0.40392157435417
75700,0.40000000596046
75750,0.40000000596046
75800,0.39607843756676
75850,0.39607843756676
75900,0.39215686917305
75950,0.39215686917305
76000,0.39215686917305
76050,0.38823530077934
76100,0.38823530077934
76150,0.38823530077934
76200,0.38431373238564
76250,0.38431373238564
76300,0.38039216399193
76350,0.38039216399193
76400,0.38039216399193
76450,0.37647059559822
76500,0.37647059559822
76550,0.37647059559822
76600,0.37647059559822
76650,0.37647059559822
76700,0.37254902720451
76750,0.37254902720451
76800,0.37254902720451
76850,0.37254902720451
76900,0.37254902720451
76950,0.37254902720451
77000,0.37254902720451
77050,0.36862745881081
77100,0.36862745881081
77150,0.36862745881081
77200,0.36862745881081
77250,0.36862745881081
77300,0.36862745881081
77350,0.36862745881081
77400,0.36862745881081
77450,0.36862745881081
77500,0.36862745881081
77550,0.36862745881081
77600,0.36862745881081
77650,0.36862745881081
77700,0.36862745881081
77750,0.36862745881081
77800,0.36862745881081
77850,0.36862745881081
77900,0.36862745881081
77950,0.36862745881081
78000,0.36862745881081
78050,0.36862745881081
78100,0.36862745881081
78150,0.36862745881081
78200,0.36862745881081
78250,0.36862745881081
78300,0.37254902720451
78350,0.37254902720451
78400,0.37254902720451
78450,0.37254902720451
78500,0.37254902720451
78550,0.37254902720451
78600,0.37647059559822
78650,0.37647059559822
78700,0.37647059559822
78750,0.37647059559822
78800,0.37647059559822
78850,0.38039216399193
78900,0.38039216399193
78950,0.38039216399193
79000,0.38039216399193
79050,0.38039216399193
79100,0.38039216399193
79150,0.38039216399193
79200,0.38431373238564
79250,0.38431373238564
79300,0.38431373238564
79350,0.38431373238564
79400,0.38431373238564
79450,0.38823530077934
79500,0.38823530077934
79550,0.38823530077934
79600,0.38823530077934
79650,0.39215686917305
79700,0.39215686917305
79750,0.39215686917305
79800,0.39607843756676
79850,0.39607843756676
79900,0.39607843756676
79950,0.40000000596046
80000,0.40000000596046
80050,0.40000000596046
80100,0.40000000596046
80150,0.40392157435417
80200,0.40392157435417
80250,0.40392157435417
80300,0.40784314274788
80350,0.40784314274788
80400,0.41176471114159
80450,0.41176471114159
80500,0.41176471114159
80550,0.41568627953529
80600,0.41568627953529
80650,0.41568627953529
80700,0.419607847929
80750,0.419607847929
80800,0.42352941632271
80850,0.42352941632271
80900,0.42745098471642
80950,0.42745098471642
81000,0.42745098471642
81050,0.43137255311012
81100,0.43137255311012
81150,0.43529412150383
81200,0.43529412150383
81250,0.43921568989754
81300,0.43921568989754
81350,0.44313725829124
81400,0.44313725829124
81450,0.44313725829124
81500,0.44705882668495
81550,0.44705882668495
81600,0.44705882668495
81650,0.45098039507866
81700,0.45098039507866
81750,0.45098039507866
81800,0.45490196347237
81850,0.45490196347237
81900,0.45882353186607
81950,0.45882353186607
82000,0.45882353186607
82050,0.45882353186607
82100,0.46274510025978
82150,0.46274510025978
82200,0.46274510025978
82250,0.46274510025978
82300,0.46666666865349
82350,0.46666666865349
82400,0.46666666865349
82450,0.46666666865349
82500,0.46666666865349
82550,0.46666666865349
82600,0.46666666865349
82650,0.46666666865349
82700,0.46666666865349
82750,0.46666666865349
82800,0.46274510025978
82850,0.46274510025978
82900,0.46274510025978
82950,0.46274510025978
83000,0.46274510025978
83050,0.46274510025978
83100,0.46274510025978
83150,0.46274510025978
83200,0.45882353186607
83250,0.45882353186607
83300,0.45882353186607
83350,0.45882353186607
83400,0.45882353186607
83450,0.45882353186607
83500,0.45882353186607
83550,0.45490196347237
83600,0.45490196347237
83650,0.45490196347237
83700,0.45490196347237
83750,0.45490196347237
83800,0.45490196347237
83850,0.45490196347237
83900,0.45490196347237
83950,0.45098039507866
84000,0.45098039507866
84050,0.45098039507866
84100,0.45098039507866
84150,0.44705882668495
84200,0.44705882668495
84250,0.44705882668495
84300,0.44705882668495
84350,0.44313725829124
84400,0.44313725829124
84450,0.44313725829124
84500,0.44313725829124
84550,0.44313725829124
84600,0.43921568989754
84650,0.43921568989754
84700,0.43921568989754
84750,0.43921568989754
84800,0.43921568989754
84850,0.43921568989754
84900,0.43921568989754
84950,0.43529412150383
85000,0.43529412150383
85050,0.43529412150383
85100,0.43137255311012
85150,0.43137255311012
85200,0.43137255311012
85250,0.43137255311012
85300,0.42745098471642
85350,0.42745098471642
85400,0.42745098471642
85450,0.42745098471642
85500,0.42352941632271
85550,0.42352941632271
85600,0.42352941632271
85650,0.42352941632271
85700,0.42352941632271
85750,0.419607847929
85800,0.419607847929
85850,0.41568627953529
85900,0.41568627953529
85950,0.41568627953529
86000,0.41176471114159
86050,0.41176471114159
86100,0.41176471114159
86150,0.41176471114159
86200,0.40784314274788
86250,0.40784314274788
86300,0.40784314274788
86350,0.40392157435417
86400,0.40392157435417
86450,0.40784314274788
86500,0.40392157435417
86550,0.40392157435417
86600,0.40392157435417
86650,0.40392157435417
86700,0.40392157435417
86750,0.40392157435417
86800,0.40392157435417
86850,0.40392157435417
86900,0.40392157435417
86950,0.40392157435417
87000,0.40392157435417
87050,0.40392157435417
87100,0.40392157435417
87150,0.40392157435417
87200,0.40392157435417
87250,0.40392157435417
87300,0.40392157435417
87350,0.40392157435417
87400,0.40784314274788
87450,0.40784314274788
87500,0.40784314274788
87550,0.40784314274788
87600,0.40784314274788
87650,0.40784314274788
87700,0.40784314274788
87750,0.40784314274788
87800,0.41176471114159
87850,0.41176471114159
87900,0.41176471114159
87950,0.41568627953529
88000,0.41568627953529
88050,0.41568627953529
88100,0.41568627953529
88150,0.41568627953529
88200,0.419607847929
88250,0.419607847929
88300,0.419607847929
88350,0.42352941632271
88400,0.42352941632271
88450,0.42745098471642
88500,0.42745098471642
88550,0.42745098471642
88600,0.43137255311012
88650,0.43137255311012
88700,0.43529412150383
88750,0.43529412150383
88800,0.43529412150383
88850,0.43921568989754
88900,0.43921568989754
88950,0.44313725829124
89000,0.44313725829124
89050,0.44705882668495
89100,0.44705882668495
89150,0.45098039507866
89200,0.45098039507866
89250,0.45490196347237
89300,0.45490196347237
89350,0.45882353186607
89400,0.45882353186607
89450,0.46274510025978
89500,0.46274510025978
89550,0.46666666865349
89600,0.46666666865349
89650,0.46666666865349
89700,0.4705882370472
89750,0.4705882370472
89800,0.4705882370472
89850,0.4705882370472
89900,0.4705882370472
89950,0.4705882370472
90000,0.4745098054409
90050,0.4745098054409
90100,0.4745098054409
90150,0.4745098054409
90200,0.4745098054409
90250,0.4745098054409
90300,0.4745098054409
90350,0.4745098054409
90400,0.4745098054409
90450,0.4745098054409
90500,0.4745098054409
90550,0.4745098054409
90600,0.4745098054409
90650,0.4745098054409
90700,0.4705882370472
90750,0.4705882370472
90800,0.4705882370472
90850,0.4705882370472
90900,0.46666666865349
90950,0.46666666865349
91000,0.46666666865349
91050,0.46666666865349
91100,0.46274510025978
91150,0.46274510025978
91200,0.46274510025978
91250,0.46274510025978
91300,0.45882353186607
91350,0.45882353186607
91400,0.45882353186607
91450,0.45882353186607
91500,0.45490196347237
91550,0.45490196347237
91600,0.45490196347237
91650,0.45490196347237
91700,0.45098039507866
91750,0.45098039507866
91801,0.44705882668495
91851,0.44705882668495
91901,0.44705882668495
91951,0.44313725829124
92001,0.44313725829124
92051,0.44313725829124
92101,0.43921568989754
92151,0.43921568989754
92201,0.43921568989754
92251,0.43529412150383
92301,0.43529412150383
92351,0.43529412150383
92401,0.43137255311012
92451,0.43137255311012
92501,0.43137255311012
92551,0.42745098471642
92601,0.42745098471642
92651,0.42745098471642
92701,0.42745098471642
92751,0.42352941632271
92801,0.42352941632271
92851,0.42352941632271
92901,0.42352941632271
92951,0.42352941632271
93001,0.42352941632271
93051,0.42352941632271
93101,0.419607847929
93151,0.419607847929
93201,0.419607847929
93251,0.419607847929
93301,0.419607847929
93351,0.419607847929
93401,0.42352941632271
93451,0.42352941632271
93501,0.42352941632271
93551,0.42352941632271
93601,0.42352941632271
93651,0.42352941632271
93701,0.42352941632271
93751,0.42352941632271
93801,0.42352941632271
93851,0.42745098471642
93901,0.42745098471642
93951,0.42745098471642
94001,0.42745098471642
94051,0.43137255311012
94101,0.43137255311012
94151,0.43137255311012
94201,0.43529412150383
94251,0.43529412150383
94301,0.43529412150383
94351,0.43529412150383
94401,0.43921568989754
94451,0.43921568989754
94501,0.44313725829124
94551,0.44313725829124
94601,0.44705882668495
94651,0.44705882668495
94701,0.45098039507866
94751,0.45098039507866
94801,0.45490196347237
94851,0.45490196347237
94901,0.45882353186607
94951,0.45882353186607
95001,0.46274510025978
95051,0.46274510025978
95101,0.46274510025978
95151,0.46666666865349
95201,0.46666666865349
95251,0.4705882370472
95301,0.4705882370472
95351,0.4705882370472
95401,0.4745098054409
95451,0.4745098054409
95501,0.4745098054409
95551,0.47843137383461
95601,0.47843137383461
95651,0.48235294222832
95701,0.48627451062202
95751,0.48627451062202
95801,0.48627451062202
95851,0.49019607901573
95901,0.49019607901573
95951,0.49411764740944
96001,0.49411764740944
96051,0.49411764740944
96101,0.49803921580315
96151,0.49803921580315
96201,0.49803921580315
96251,0.50196081399918
96301,0.50196081399918
96351,0.50588238239288
96401,0.50588238239288
96451,0.50588238239288
96501,0.50588238239288
96551,0.50588238239288
96601,0.50588238239288
96651,0.50980395078659
96701,0.50980395078659
96751,0.50980395078659
96801,0.50980395078659
96851,0.50980395078659
96901,0.50980395078659
96951,0.50980395078659
97001,0.50980395078659
97051,0.50980395078659
97101,0.50980395078659
97151,0.50980395078659
97201,0.50980395078659
97251,0.50980395078659
97301,0.50588238239288
97351,0.50588238239288
97401,0.50588238239288
97451,0.50588238239288
97501,0.50588238239288
97551,0.50196081399918
97601,0.50196081399918
97651,0.50196081399918
97701,0.49803921580315
97751,0.49803921580315
97801,0.49803921580315
97851,0.49411764740944
97901,0.49411764740944
97951,0.49411764740944
98001,0.49019607901573
98051,0.49019607901573
98101,0.48627451062202
98151,0.48627451062202
98201,0.48627451062202
98251,0.48235294222832
98301,0.48235294222832
98351,0.47843137383461
98401,0.4745098054409
98451,0.4745098054409
98501,0.4745098054409
98551,0.4705882370472
98601,0.46666666865349
98651,0.46666666865349
98701,0.46666666865349
98751,0.46274510025978
98801,0.46274510025978
98851,0.45882353186607
98901,0.45882353186607
98951,0.45490196347237
99001,0.45098039507866
99051,0.45098039507866
99101,0.45098039507866
99151,0.44705882668495
99201,0.44705882668495
99251,0.44313725829124
99301,0.44313725829124
99351,0.43921568989754
99401,0.43921568989754
99451,0.43921568989754
99501,0.43529412150383
99551,0.43529412150383
99601,0.43529412150383
99651,0.43137255311012
99701,0.43137255311012
99751,0.42745098471642
99801,0.42745098471642
99851,0.42745098471642
99901,0.42745098471642
99951,0.42745098471642
100001,0.42745098471642
100051,0.42745098471642
100101,0.42352941632271
100151,0.42352941632271
100201,0.42352941632271
100251,0.42352941632271
100301,0.42352941632271
100351,0.42352941632271
100401,0.42352941632271
100451,0.42352941632271
100501,0.42352941632271
100551,0.42352941632271
100601,0.42352941632271
100651,0.42352941632271
100701,0.42352941632271
100751,0.42352941632271
100801,0.42352941632271
100851,0.42352941632271
100901,0.42352941632271
100951,0.42745098471642
101001,0.42745098471642
101051,0.42745098471642
101101,0.42745098471642
101151,0.42745098471642
101201,0.42745098471642
101251,0.42745098471642
101301,0.43137255311012
101351,0.43137255311012
101401,0.43137255311012
101451,0.43529412150383
101501,0.43529412150383
101551,0.43529412150383
101601,0.43921568989754
101651,0.43921568989754
101701,0.43921568989754
101751,0.44313725829124
101801,0.44313725829124
101851,0.44313725829124
101901,0.44313725829124
101951,0.44705882668495
102001,0.44705882668495
102051,0.45098039507866
102101,0.45098039507866
102151,0.45098039507866
102201,0.45098039507866
102251,0.45098039507866
102301,0.45490196347237
102351,0.45490196347237
102401,0.45490196347237
102451,0.45882353186607
102501,0.45882353186607
102551,0.46274510025978
102601,0.46274510025978
102651,0.46274510025978
102701,0.46666666865349
102751,0.46666666865349
102801,0.46666666865349
102851,0.46666666865349
102901,0.46666666865349
102951,0.4705882370472
103001,0.4705882370472
103051,0.4705882370472
103101,0.4705882370472
103151,0.4705882370472
103201,0.4705882370472
103251,0.4705882370472
103301,0.4745098054409
103351,0.4745098054409
103401,0.4745098054409
103451,0.4745098054409
103501,0.4745098054409
103551,0.4745098054409
103601,0.4745098054409
103651,0.4745098054409
103701,0.4745098054409
103751,0.4745098054409
103801,0.4705882370472
103851,0.4705882370472
103901,0.4705882370472
103951,0.4705882370472
104001,0.4705882370472
104051,0.46666666865349
104101,0.46666666865349
104151,0.46666666865349
104201,0.46666666865349
104251,0.46666666865349
104301,0.46666666865349
104351,0.46666666865349
104401,0.46274510025978
104451,0.46274510025978
104501,0.46274510025978
104551,0.46274510025978
104601,0.46274510025978
104651,0.45882353186607
104701,0.45882353186607
104751,0.45882353186607
104801,0.45882353186607
104851,0.45490196347237
104901,0.45490196347237
104951,0.45098039507866
105001,0.45098039507866
105051,0.45098039507866
105101,0.45098039507866
105151,0.44705882668495
105201,0.44705882668495
105251,0.44705882668495
105301,0.44313725829124
105351,0.44313725829124
105401,0.44313725829124
105451,0.43921568989754
105501,0.43921568989754
105551,0.43921568989754
105601,0.43529412150383
105651,0.43529412150383
105701,0.43529412150383
105751,0.43137255311012
105801,0.43137255311012
105851,0.42745098471642
105901,0.42745098471642
105951,0.42745098471642
106001,0.42745098471642
106051,0.42352941632271
106101,0.42352941632271
106151,0.42352941632271
106201,0.42352941632271
106251,0.419607847929
106301,0.419607847929
106351,0.419607847929
106401,0.419607847929
106451,0.419607847929
106501,0.419607847929
106551,0.419607847929
106601,0.419607847929
106651,0.419607847929
106701,0.419607847929
106751,0.419607847929
106801,0.419607847929
106851,0.419607847929
106901,0.419607847929
106951,0.419607847929
107001,0.419607847929
107051,0.419607847929
107101,0.42352941632271
107151,0.42352941632271
107201,0.42352941632271
107251,0.42352941632271
107301,0.42745098471642
107351,0.42745098471642
107401,0.43137255311012
107451,0.43137255311012
107501,0.43137255311012
107551,0.43137255311012
107601,0.43529412150383
107651,0.43529412150383
107701,0.43529412150383
107751,0.43921568989754
107801,0.43921568989754
107851,0.43921568989754
107901,0.44313725829124
107951,0.44313725829124
108001,0.44705882668495
108051,0.44705882668495
108101,0.44705882668495
108152,0.45098039507866
108202,0.45098039507866
108252,0.45098039507866
108302,0.45098039507866
108352,0.45490196347237
108402,0.45490196347237
108452,0.45490196347237
108502,0.45490196347237
108552,0.45490196347237
108602,0.45882353186607
108652,0.45882353186607
108702,0.45882353186607
108752,0.45882353186607
108802,0.45882353186607
108852,0.46274510025978
108902,0.46274510025978
108952,0.46274510025978
109002,0.46274510025978
109052,0.46274510025978
109102,0.46274510025978
109152,0.46666666865349
109202,0.46666666865349
109252,0.46666666865349
109302,0.46666666865349
109352,0.46666666865349
109402,0.46666666865349
109452,0.46666666865349
109502,0.46274510025978
109552,0.46274510025978
109602,0.46274510025978
109652,0.46274510025978
109702,0.46274510025978
109752,0.45882353186607
109802,0.45882353186607
109852,0.45882353186607
109902,0.45882353186607
109952,0.45882353186607
110002,0.45490196347237
110052,0.45490196347237
110102,0.45098039507866
110152,0.45098039507866
110202,0.45098039507866
110252,0.45098039507866
110302,0.44705882668495
110352,0.44705882668495
110402,0.44313725829124
110452,0.44313725829124
110502,0.44313725829124
110552,0.44313725829124
110602,0.44313725829124
110652,0.44313725829124
110702,0.43921568989754
110752,0.43921568989754
110802,0.43529412150383
110852,0.43529412150383
110902,0.43137255311012
110952,0.43137255311012
111002,0.42745098471642
111052,0.42745098471642
111102,0.42745098471642
111152,0.42745098471642
111202,0.42352941632271
111252,0.42352941632271
111302,0.42352941632271
111352,0.419607847929
111402,0.419607847929
111452,0.419607847929
111502,0.41568627953529
111552,0.41568627953529
111602,0.41568627953529
111652,0.41176471114159
111702,0.41176471114159
111752,0.41176471114159
111802,0.41176471114159
111852,0.40784314274788
111902,0.40784314274788
111952,0.40784314274788
112002,0.40784314274788
112052,0.40392157435417
112102,0.40392157435417
112152,0.40392157435417
112202,0.40392157435417
112252,0.40000000596046
112302,0.40000000596046
112352,0.40000000596046
112402,0.39607843756676
112452,0.39607843756676
112502,0.39607843756676
112552,0.39607843756676
112602,0.39607843756676
112652,0.39607843756676
112702,0.39607843756676
112752,0.39607843756676
112802,0.39607843756676
112852,0.39607843756676
112902,0.39607843756676
112952,0.39607843756676
113002,0.39607843756676
113052,0.39607843756676
113102,0.39607843756676
113152,0.39607843756676
113202,0.39607843756676
113252,0.39607843756676
113302,0.39607843756676
113352,0.39607843756676
113402,0.39607843756676
113452,0.39607843756676
113502,0.39607843756676
113552,0.40000000596046
113602,0.40000000596046
113652,0.40000000596046
113702,0.40000000596046
113752,0.40000000596046
113802,0.40392157435417
113852,0.40392157435417
113902,0.40392157435417
113952,0.40392157435417
114002,0.40392157435417
114052,0.40784314274788
114102,0.40784314274788
114152,0.40784314274788
114202,0.40784314274788
114252,0.40784314274788
114302,0.41176471114159
114352,0.41176471114159
114402,0.41176471114159
114452,0.41568627953529
114502,0.41568627953529
114552,0.41568627953529
114602,0.41568627953529
114652,0.419607847929
114702,0.419607847929
114752,0.42352941632271
114802,0.42352941632271
114852,0.42352941632271
114902,0.42745098471642
114952,0.42745098471642
115002,0.42745098471642
115052,0.43137255311012
115102,0.43137255311012
115152,0.43529412150383
115202,0.43529412150383
115252,0.43529412150383
115302,0.43921568989754
115352,0.43921568989754
115402,0.43921568989754
115452,0.44313725829124
115502,0.44313725829124
115552,0.44313725829124
115602,0.44313725829124
115652,0.44313725829124
115702,0.44705882668495
115752,0.44705882668495
115802,0.45098039507866
115852,0.45098039507866
115902,0.45098039507866
115952,0.45490196347237
116002,0.45490196347237
116052,0.45882353186607
116102,0.45882353186607
116152,0.45882353186607
116202,0.45882353186607
116252,0.45882353186607
116302,0.46274510025978
116352,0.46274510025978
116402,0.46274510025978
116452,0.46274510025978
116502,0.46666666865349
116552,0.46666666865349
116602,0.46666666865349
116652,0.46666666865349
116702,0.46666666865349
116752,0.46274510025978
116802,0.46274510025978
116852,0.46274510025978
116902,0.46274510025978
116952,0.46274510025978
117002,0.46274510025978
117052,0.46274510025978
117102,0.46274510025978
117152,0.46274510025978
117202,0.46274510025978
117252,0.46274510025978
117302,0.46274510025978
117352,0.46274510025978
117402,0.45882353186607
117452,0.45882353186607
117502,0.45490196347237
117552,0.45490196347237
117602,0.45490196347237
117652,0.45490196347237
117702,0.45098039507866
117752,0.45098039507866
117802,0.44705882668495
117852,0.44705882668495
117902,0.44313725829124
117952,0.44313725829124
118002,0.43921568989754
118052,0.43921568989754
118102,0.43529412150383
118152,0.43529412150383
118202,0.43137255311012
118252,0.43137255311012
118302,0.42745098471642
118352,0.42745098471642
118402,0.42352941632271
118452,0.42352941632271
118502,0.419607847929
118552,0.419607847929
118602,0.419607847929
118652,0.41568627953529
118702,0.41176471114159
118752,0.41176471114159
118802,0.40784314274788
118852,0.40784314274788
118902,0.40784314274788
118952,0.40392157435417
119002,0.40000000596046
119052,0.40000000596046
119102,0.40000000596046
119152,0.39607843756676
119202,0.39607843756676
119252,0.39215686917305
119302,0.39215686917305
119352,0.38823530077934
119402,0.38823530077934
119452,0.38823530077934
119502,0.38431373238564
119552,0.38431373238564
119602,0.38431373238564
119652,0.38039216399193
119702,0.38039216399193
119752,0.38039216399193
119802,0.38039216399193
119852,0.38039216399193
119902,0.37647059559822
119952,0.37647059559822
120002,0.37647059559822
120052,0.37647059559822
120102,0.37647059559822
120152,0.37647059559822
120202,0.37647059559822
120252,0.37647059559822
120302,0.37254902720451
120352,0.37254902720451
120402,0.37254902720451
120452,0.37647059559822
120502,0.37647059559822
120552,0.37647059559822
120602,0.37647059559822
120652,0.37647059559822
120702,0.37647059559822
120752,0.37647059559822
120802,0.37647059559822
120852,0.37647059559822
120902,0.38039216399193
120952,0.38039216399193
121002,0.38039216399193
121052,0.38039216399193
121102,0.38039216399193
121152,0.38431373238564
121202,0.38431373238564
121252,0.38431373238564
121302,0.38823530077934
121352,0.38823530077934
121402,0.38823530077934
121452,0.39215686917305
121502,0.39215686917305
121552,0.39215686917305
121602,0.39607843756676
121652,0.39607843756676
121702,0.39607843756676
121752,0.39607843756676
121802,0.40000000596046
121852,0.40000000596046
121902,0.40000000596046
121952,0.40392157435417
122002,0.40392157435417
122052,0.40392157435417
122102,0.40784314274788
122152,0.40784314274788
122202,0.40784314274788
122252,0.41176471114159
122302,0.41176471114159
122352,0.41568627953529
122402,0.41568627953529
122452,0.41568627953529
122502,0.41568627953529
122552,0.419607847929
122602,0.419607847929
122652,0.419607847929
122702,0.419607847929
122752,0.42352941632271
122802,0.42352941632271
122852,0.42352941632271
122902,0.42352941632271
122952,0.42745098471642
123002,0.42745098471642
123052,0.42745098471642
123102,0.42745098471642
123152,0.42745098471642
123202,0.43137255311012
123252,0.43137255311012
123302,0.43137255311012
123352,0.43529412150383
123402,0.43529412150383
123452,0.43529412150383
123502,0.43529412150383
123552,0.43529412150383
123602,0.43921568989754
123652,0.43921568989754
123702,0.43921568989754
123752,0.43921568989754
123802,0.43921568989754
123852,0.43921568989754
123902,0.44313725829124
123952,0.44313725829124
124002,0.44313725829124
124052,0.44313725829124
124102,0.44313725829124
124152,0.44313725829124
124202,0.44313725829124
124252,0.44313725829124
124302,0.44313725829124
124352,0.44705882668495
124402,0.44705882668495
124452,0.44705882668495
124502,0.44705882668495
124553,0.44705882668495
124603,0.44705882668495
124653,0.45098039507866
124703,0.45098039507866
124753,0.45098039507866
124803,0.45098039507866
124853,0.45098039507866
124903,0.45098039507866
124953,0.45098039507866
125003,0.45098039507866
125053,0.45098039507866
125103,0.45490196347237
125153,0.45490196347237
125203,0.45490196347237
125253,0.45490196347237
125303,0.45490196347237
125353,0.45490196347237
125403,0.45882353186607
125453,0.45882353186607
125503,0.45882353186607
125553,0.45490196347237
125603,0.45490196347237
125653,0.45490196347237
125703,0.45490196347237
125753,0.45490196347237
125803,0.45490196347237
125853,0.45490196347237
125903,0.45490196347237
125953,0.45490196347237
126003,0.45490196347237
126053,0.45490196347237
126103,0.45490196347237
126153,0.45098039507866
126203,0.45098039507866
126253,0.45098039507866
126303,0.45098039507866
126353,0.45098039507866
126403,0.44705882668495
126453,0.44705882668495
126503,0.44705882668495
126553,0.44705882668495
126603,0.44705882668495
126653,0.44313725829124
126703,0.44313725829124
126753,0.44313725829124
126803,0.44313725829124
126853,0.44313725829124
126903,0.43921568989754
126953,0.43921568989754
127003,0.43921568989754
127053,0.43921568989754
127103,0.43921568989754
127153,0.43921568989754
127203,0.43921568989754
127253,0.43921568989754
127303,0.43529412150383
127353,0.43529412150383
127403,0.43529412150383
127453,0.43529412150383
127503,0.43529412150383
127553,0.43137255311012
127603,0.43137255311012
127653,0.43137255311012
127703,0.43137255311012
127753,0.43137255311012
127803,0.43137255311012
127853,0.43137255311012
127903,0.43137255311012
127953,0.43137255311012
128003,0.43137255311012
128053,0.43137255311012
128103,0.43137255311012
128153,0.43137255311012
128203,0.43137255311012
128253,0.43137255311012
128303,0.43137255311012
128353,0.43137255311012
128403,0.43137255311012
128453,0.43137255311012
128503,0.43137255311012
128553,0.43137255311012
128603,0.43137255311012
128653,0.43137255311012
128703,0.42745098471642
128753,0.42745098471642
128803,0.42745098471642
128853,0.42745098471642
128903,0.42745098471642
128953,0.42745098471642
129003,0.42745098471642
129053,0.42745098471642
129103,0.42745098471642
129153,0.42745098471642
129203,0.42745098471642
129253,0.42745098471642
129303,0.42745098471642
129353,0.42745098471642
129403,0.42745098471642
129453,0.42745098471642
129503,0.42745098471642
129553,0.42745098471642
129603,0.42352941632271
129653,0.42352941632271
129703,0.42352941632271
129753,0.42352941632271
129803,0.42352941632271
129853,0.419607847929
129903,0.419607847929
129953,0.419607847929
130003,0.419607847929
130053,0.419607847929
130103,0.419607847929
130153,0.41568627953529
130203,0.41568627953529
130253,0.41568627953529
130303,0.41568627953529
130353,0.41568627953529
130403,0.41568627953529
130453,0.41568627953529
130503,0.41568627953529
130553,0.41568627953529
130603,0.41568627953529
130653,0.41568627953529
130703,0.41568627953529
130753,0.41568627953529
130803,0.41568627953529
130853,0.41568627953529
130903,0.41568627953529
130953,0.419607847929
131003,0.419607847929
131053,0.419607847929
131103,0.419607847929
131153,0.42352941632271
131203,0.42352941632271
131253,0.42352941632271
131303,0.42745098471642
131353,0.42745098471642
131403,0.42745098471642
131453,0.43137255311012
131503,0.43137255311012
131553,0.43529412150383
131603,0.43529412150383
131653,0.43921568989754
131703,0.43921568989754
131753,0.43921568989754
131803,0.44313725829124
131853,0.44313725829124
131903,0.44705882668495
131953,0.44705882668495
132003,0.45098039507866
132053,0.45098039507866
132103,0.45098039507866
132153,0.45490196347237
132203,0.45490196347237
132253,0.45882353186607
132303,0.45882353186607
132353,0.46274510025978
132403,0.46274510025978
132453,0.46666666865349
132503,0.46666666865349
132553,0.4705882370472
132603,0.4705882370472
132653,0.4745098054409
132703,0.47843137383461
132753,0.47843137383461
132803,0.48235294222832
132853,0.48627451062202
132903,0.48627451062202
132953,0.49019607901573
133003,0.49411764740944
133053,0.49411764740944
133103,0.49411764740944
133153,0.49803921580315
133203,0.49803921580315
133253,0.50196081399918
133303,0.50196081399918
133353,0.50196081399918
133403,0.50196081399918
133453,0.50588238239288
133503,0.50588238239288
133553,0.50980395078659
133603,0.50980395078659
133653,0.50980395078659
133703,0.50980395078659
133753,0.50980395078659
133803,0.50980395078659
133853,0.50980395078659
133903,0.50980395078659
133953,0.5137255191803
134003,0.5137255191803
134053,0.5137255191803
134103,0.5137255191803
134153,0.50980395078659
134203,0.50980395078659
134253,0.50980395078659
134303,0.50980395078659
134353,0.50980395078659
134403,0.50980395078659
134453,0.50980395078659
134503,0.50588238239288
134553,0.50588238239288
134603,0.50588238239288
134653,0.50588238239288
134703,0.50196081399918
134753,0.50196081399918
134803,0.50196081399918
134853,0.50196081399918
134903,0.50196081399918
134953,0.49803921580315
135003,0.49803921580315
135053,0.49411764740944
135103,0.49411764740944
135153,0.49411764740944
135203,0.49019607901573
135253,0.49019607901573
135303,0.48627451062202
135353,0.48627451062202
135403,0.48235294222832
135453,0.48235294222832
135503,0.48235294222832
135553,0.47843137383461
135603,0.4745098054409
135653,0.4745098054409
135703,0.4745098054409
135753,0.4705882370472
135803,0.4705882370472
135853,0.46666666865349
135903,0.46666666865349
135953,0.46666666865349
136003,0.46274510025978
136053,0.46274510025978
136103,0.45882353186607
136153,0.45882353186607
136203,0.45882353186607
136253,0.45490196347237
136303,0.45490196347237
136353,0.45098039507866
136403,0.45098039507866
136453,0.45098039507866
136503,0.44705882668495
136553,0.44705882668495
136603,0.44313725829124
136653,0.44313725829124
136703,0.44313725829124
136753,0.44313725829124
136803,0.43921568989754
136853,0.43921568989754
136903,0.43921568989754
136953,0.43529412150383
137003,0.43529412150383
137053,0.43529412150383
137103,0.43529412150383
137153,0.43529412150383
137203,0.43529412150383
137253,0.43529412150383
137303,0.43529412150383
137353,0.43529412150383
137403,0.43529412150383
137453,0.43529412150383
137503,0.43529412150383
137553,0.43529412150383
137603,0.43529412150383
137653,0.43529412150383
137703,0.43529412150383
137753,0.43529412150383
137803,0.43529412150383
137853,0.43529412150383
137903,0.43529412150383
137953,0.43921568989754
138003,0.43921568989754
138053,0.43921568989754
138103,0.44313725829124
138153,0.44313725829124
138203,0.44313725829124
138253,0.44313725829124
138303,0.44313725829124
138353,0.44313725829124
138403,0.44705882668495
138453,0.44705882668495
138503,0.45098039507866
138553,0.45098039507866
138603,0.45098039507866
138653,0.45490196347237
138703,0.45490196347237
138753,0.45882353186607
138803,0.45882353186607
138853,0.45882353186607
138903,0.46274510025978
138953,0.46274510025978
139003,0.46666666865349
139053,0.46666666865349
139103,0.46666666865349
139153,0.4705882370472
139203,0.4705882370472
139253,0.4705882370472
139303,0.4745098054409
139353,0.4745098054409
139403,0.47843137383461
139453,0.47843137383461
139503,0.47843137383461
139553,0.48235294222832
139603,0.48235294222832
139653,0.48627451062202
139703,0.48627451062202
139753,0.49019607901573
139803,0.49019607901573
139853,0.49019607901573
139903,0.49411764740944
139953,0.49411764740944
140003,0.49411764740944
140053,0.49803921580315
140103,0.49803921580315
140153,0.50196081399918
140203,0.50196081399918
140253,0.50196081399918
140303,0.50196081399918
140353,0.50196081399918
140403,0.50588238239288
140453,0.50588238239288
140503,0.50588238239288
140553,0.50588238239288
140603,0.50588238239288
140653,0.50588238239288
140703,0.50980395078659
140753,0.50980395078659
140803,0.50980395078659
140853,0.50980395078659
140903,0.50980395078659
140953,0.50980395078659
141003,0.50980395078659
141054,0.50980395078659
141104,0.50980395078659
141154,0.50980395078659
141204,0.50588238239288
141254,0.50588238239288
141304,0.50588238239288
141354,0.50588238239288
141404,0.50980395078659
141454,0.50588238239288
141504,0.50588238239288
141554,0.50588238239288
141604,0.50196081399918
141654,0.50196081399918
141704,0.50196081399918
141754,0.49803921580315
141804,0.49803921580315
141854,0.49803921580315
141904,0.49803921580315
141954,0.49803921580315
142004,0.49411764740944
142054,0.49411764740944
142104,0.49411764740944
142154,0.49411764740944
142204,0.49411764740944
142254,0.49019607901573
142304,0.49019607901573
142354,0.49019607901573
142404,0.48627451062202
142454,0.48627451062202
142504,0.48627451062202
142554,0.48627451062202
142604,0.48235294222832
142654,0.48235294222832
142704,0.48235294222832
142754,0.48235294222832
142804,0.48235294222832
142854,0.47843137383461
142904,0.47843137383461
142954,0.47843137383461
143004,0.4745098054409
143054,0.4745098054409
143104,0.4745098054409
143154,0.4745098054409
143204,0.4745098054409
143254,0.4705882370472
143304,0.4705882370472
143354,0.4705882370472
143404,0.4705882370472
143454,0.4705882370472
143504,0.4705882370472
143554,0.46666666865349
143604,0.46666666865349
143654,0.46666666865349
143704,0.46274510025978
143754,0.46274510025978
143804,0.45882353186607
143854,0.45882353186607
143904,0.45882353186607
143954,0.45882353186607
144004,0.45490196347237
144054,0.45490196347237
144104,0.45490196347237
144154,0.45098039507866
144204,0.45098039507866
144254,0.45098039507866
144304,0.45098039507866
144354,0.44705882668495
144404,0.44705882668495
144454,0.44705882668495
144504,0.44705882668495
144554,0.44705882668495
144604,0.44705882668495
144654,0.44705882668495
144704,0.44705882668495
144754,0.44705882668495
144804,0.44705882668495
144854,0.44705882668495
144904,0.44705882668495
144954,0.44705882668495
145004,0.44705882668495
145054,0.44705882668495
145104,0.44705882668495
145154,0.45098039507866
145204,0.45098039507866
145254,0.45098039507866
145304,0.45490196347237
145354,0.45490196347237
145404,0.45490196347237
145454,0.45490196347237
145504,0.45882353186607
145554,0.45882353186607
145604,0.46274510025978
145654,0.46274510025978
145704,0.46274510025978
145754,0.46666666865349
145804,0.46666666865349
145854,0.46666666865349
145904,0.4705882370472
145954,0.4705882370472
146004,0.4745098054409
146054,0.4745098054409
146104,0.47843137383461
146154,0.47843137383461
146204,0.47843137383461
146254,0.48235294222832
146304,0.48627451062202
146354,0.48627451062202
146404,0.48627451062202
146454,0.49019607901573
146504,0.49019607901573
146554,0.49411764740944
146604,0.49803921580315
146654,0.49803921580315
146704,0.50196081399918
146754,0.50196081399918
146804,0.50588238239288
146854,0.50588238239288
146904,0.50980395078659
146954,0.5137255191803
147004,0.5137255191803
147054,0.51764708757401
147104,0.52156865596771
147154,0.52156865596771
147204,0.52156865596771
147254,0.52549022436142
147304,0.52941179275513
147354,0.52941179275513
147404,0.53333336114883
147454,0.53333336114883
147504,0.53333336114883
147554,0.53725492954254
147604,0.54117649793625
147654,0.54117649793625
147704,0.54117649793625
147754,0.54509806632996
147804,0.54509806632996
147854,0.54901963472366
147904,0.54901963472366
147954,0.55294120311737
148004,0.55294120311737
148054,0.55294120311737
148104,0.55686277151108
148154,0.55686277151108
148204,0.55686277151108
148254,0.56078433990479
148304,0.56078433990479
148354,0.56078433990479
148404,0.56078433990479
148454,0.56078433990479
148504,0.56470590829849
148554,0.56470590829849
148604,0.56470590829849
148654,0.56470590829849
148704,0.5686274766922
148754,0.5686274766922
148804,0.5686274766922
148854,0.5686274766922
148904,0.5686274766922
148954,0.5686274766922
149004,0.5686274766922
149054,0.57254904508591
149104,0.57254904508591
149154,0.57254904508591
149204,0.57254904508591
149254,0.57254904508591
149304,0.57254904508591
149354,0.57647061347961
149404,0.57647061347961
149454,0.57647061347961
149504,0.57647061347961
149554,0.57647061347961
149604,0.57647061347961
149654,0.57647061347961
149704,0.57647061347961
149754,0.57647061347961
149804,0.57647061347961
149854,0.57647061347961
149904,0.57254904508591
149954,0.57254904508591
150004,0.57254904508591
150054,0.57254904508591
150104,0.57254904508591
150154,0.57254904508591
150204,0.57254904508591
150254,0.57254904508591
150304,0.5686274766922
150354,0.5686274766922
150404,0.5686274766922
150454,0.56470590829849
150504,0.56470590829849
150554,0.56470590829849
150604,0.56470590829849
150654,0.56470590829849
150704,0.56078433990479
150754,0.56078433990479
150804,0.56078433990479
150854,0.56078433990479
150904,0.55686277151108
150954,0.55686277151108
151004,0.55686277151108
151054,0.55686277151108
151104,0.55294120311737
151154,0.55294120311737
151204,0.55294120311737
151254,0.54901963472366
151304,0.54901963472366
151354,0.54509806632996
151404,0.54509806632996
151454,0.54509806632996
151504,0.54117649793625
151554,0.54117649793625
151604,0.53725492954254
151654,0.53725492954254
151704,0.53333336114883
151754,0.53333336114883
151804,0.52941179275513
151854,0.52941179275513
151904,0.52941179275513
151954,0.52549022436142
152004,0.52549022436142
152054,0.52549022436142
152104,0.52156865596771
152154,0.52156865596771
152204,0.51764708757401
152254,0.51764708757401
152304,0.51764708757401
152354,0.51764708757401
152404,0.5137255191803
152454,0.5137255191803
152504,0.5137255191803
152554,0.50980395078659
152604,0.50980395078659
152654,0.50980395078659
152704,0.50980395078659
152754,0.50980395078659
152804,0.50980395078659
152854,0.50588238239288
152904,0.50588238239288
152954,0.50588238239288
153004,0.50588238239288
153054,0.50588238239288
153104,0.50588238239288
153154,0.50588238239288
153204,0.50588238239288
153254,0.50980395078659
153304,0.50980395078659
153354,0.50980395078659
153404,0.50980395078659
153454,0.50980395078659
153504,0.50980395078659
153554,0.50980395078659
153604,0.50980395078659
153654,0.5137255191803
153704,0.5137255191803
153754,0.5137255191803
153804,0.5137255191803
153854,0.5137255191803
153904,0.5137255191803
153954,0.5137255191803
154004,0.5137255191803
154054,0.5137255191803
154104,0.51764708757401
154154,0.51764708757401
154204,0.51764708757401
154254,0.52156865596771
154304,0.52156865596771
154354,0.52156865596771
154404,0.52156865596771
154454,0.52549022436142
154504,0.52549022436142
154554,0.52941179275513
154604,0.52941179275513
154654,0.52941179275513
154704,0.53333336114883
154754,0.53333336114883
154804,0.53333336114883
154854,0.53725492954254
154904,0.53725492954254
154954,0.54117649793625
155004,0.54117649793625
155054,0.54509806632996
155104,0.54509806632996
155154,0.54509806632996
155204,0.54901963472366
155254,0.54901963472366
155304,0.55294120311737
155354,0.55294120311737
155404,0.55294120311737
155454,0.55686277151108
155504,0.55686277151108
155554,0.55686277151108
155604,0.56078433990479
155654,0.56078433990479
155704,0.56470590829849
155754,0.56470590829849
155804,0.56470590829849
155854,0.5686274766922
155904,0.5686274766922
155954,0.5686274766922
156004,0.5686274766922
156054,0.5686274766922
156104,0.57254904508591
156154,0.57254904508591
156204,0.57254904508591
156254,0.57254904508591
156304,0.57254904508591
156354,0.57254904508591
156404,0.57254904508591
156454,0.57254904508591
156504,0.57254904508591
156554,0.57647061347961
156604,0.57647061347961
156654,0.57647061347961
156704,0.57647061347961
156754,0.57647061347961
156804,0.57254904508591
156854,0.57647061347961
156904,0.57647061347961
156954,0.57647061347961
157004,0.57647061347961
157054,0.57647061347961
157104,0.57254904508591
157154,0.57254904508591
157204,0.57647061347961
157254,0.57647061347961
157304,0.57254904508591
157354,0.57254904508591
157404,0.57254904508591
157455,0.57254904508591
157505,0.57254904508591
157555,0.57254904508591
157605,0.5686274766922
157655,0.5686274766922
157705,0.5686274766922
157755,0.5686274766922
157805,0.5686274766922
157855,0.5686274766922
157905,0.5686274766922
157955,0.5686274766922
158005,0.5686274766922
158055,0.5686274766922
158105,0.56470590829849
158155,0.56470590829849
158205,0.56470590829849
158255,0.56470590829849
158305,0.56470590829849
158355,0.56078433990479
158405,0.56078433990479
158455,0.56078433990479
158505,0.56078433990479
158555,0.56078433990479
158605,0.56078433990479
158655,0.55686277151108
158705,0.55686277151108
158755,0.55686277151108
158805,0.55686277151108
158855,0.55294120311737
158905,0.55294120311737
158955,0.55294120311737
159005,0.54901963472366
159055,0.54901963472366
159105,0.54901963472366
159155,0.54901963472366
159205,0.54509806632996
159255,0.54509806632996
159305,0.54509806632996
159355,0.54117649793625
159405,0.54117649793625
159455,0.54117649793625
159505,0.53725492954254
159555,0.53725492954254
159605,0.53725492954254
159655,0.53725492954254
159705,0.53725492954254
159755,0.53725492954254
159805,0.53333336114883
159855,0.53333336114883
159905,0.53333336114883
159955,0.53333336114883
160005,0.53333336114883
160055,0.53333336114883
160105,0.53333336114883
160155,0.53333336114883
160205,0.53725492954254
160255,0.53725492954254
160305,0.53725492954254
160355,0.53725492954254
160405,0.53725492954254
160455,0.54117649793625
160505,0.54117649793625
160555,0.54117649793625
160605,0.54509806632996
160655,0.54509806632996
160705,0.54901963472366
160755,0.54901963472366
160805,0.54901963472366
160855,0.54901963472366
160905,0.55294120311737
160955,0.55294120311737
161005,0.55686277151108
161055,0.55686277151108
161105,0.55686277151108
161155,0.56078433990479
161205,0.56078433990479
161255,0.56078433990479
161305,0.56470590829849
161355,0.5686274766922
161405,0.5686274766922
161455,0.5686274766922
161505,0.5686274766922
161555,0.57254904508591
161605,0.57254904508591
161655,0.57647061347961
161705,0.57647061347961
161755,0.57647061347961
161805,0.58039218187332
161855,0.58039218187332
161905,0.58039218187332
161955,0.58431375026703
162005,0.58431375026703
162055,0.58823531866074
162105,0.58823531866074
162155,0.58823531866074
162205,0.59215688705444
162255,0.59215688705444
162305,0.59607845544815
162355,0.59607845544815
162405,0.59607845544815
162455,0.60000002384186
162505,0.60000002384186
162555,0.60000002384186
162605,0.60392159223557
162655,0.60392159223557
162705,0.60392159223557
162755,0.60392159223557
162805,0.60784316062927
162855,0.60784316062927
162905,0.60784316062927
162955,0.60784316062927
163005,0.60784316062927
163055,0.60784316062927
163105,0.61176472902298
163155,0.61176472902298
163205,0.61176472902298
163255,0.61568629741669
163305,0.61568629741669
163355,0.61568629741669
163405,0.61568629741669
163455,0.61568629741669
163505,0.61568629741669
163555,0.61568629741669
163605,0.61568629741669
163655,0.61568629741669
163705,0.61568629741669
163755,0.61960786581039
163805,0.61960786581039
163855,0.61960786581039
163905,0.61960786581039
163955,0.61960786581039
164005,0.61960786581039
164055,0.61960786581039
164105,0.61960786581039
164155,0.61960786581039
164205,0.61960786581039
164255,0.61960786581039
164305,0.61960786581039
164355,0.61960786581039
164405,0.61960786581039
164455,0.61960786581039
164505,0.61568629741669
164555,0.61568629741669
164605,0.61568629741669
164655,0.61568629741669
164705,0.61568629741669
164755,0.61176472902298
164805,0.61176472902298
164855,0.61176472902298
164905,0.61176472902298
164955,0.61176472902298
165005,0.60784316062927
165055,0.60784316062927
165105,0.60392159223557
165155,0.60392159223557
165205,0.60392159223557
165255,0.60000002384186
165305,0.60000002384186
165355,0.60000002384186
165405,0.60000002384186
165455,0.60000002384186
165505,0.59607845544815
165555,0.59607845544815
165605,0.59215688705444
165655,0.59215688705444
165705,0.59215688705444
165755,0.58823531866074
165805,0.58823531866074
165855,0.58431375026703
165905,0.58431375026703
165955,0.58431375026703
166005,0.58039218187332
166055,0.58039218187332
166105,0.58039218187332
166155,0.57647061347961
166205,0.57647061347961
166255,0.57254904508591
166305,0.57254904508591
166355,0.5686274766922
166405,0.5686274766922
166455,0.5686274766922
166505,0.56470590829849
166555,0.56470590829849
166605,0.56078433990479
166655,0.56078433990479
166705,0.56078433990479
166755,0.56078433990479
166805,0.55686277151108
166855,0.55686277151108
166905,0.55686277151108
166955,0.55686277151108
167005,0.55686277151108
167055,0.55686277151108
167105,0.55686277151108
167155,0.55686277151108
167205,0.55686277151108
167255,0.55686277151108
167305,0.56078433990479
167355,0.56078433990479
167405,0.55686277151108
167455,0.56078433990479
167505,0.56078433990479
167555,0.56078433990479
167605,0.56078433990479
167655,0.56078433990479
167705,0.56078433990479
167755,0.56078433990479
167805,0.56470590829849
167855,0.56470590829849
167905,0.56470590829849
167955,0.5686274766922
168005,0.5686274766922
168055,0.5686274766922
168105,0.5686274766922
168155,0.5686274766922
168205,0.57254904508591
168255,0.57254904508591
168305,0.57254904508591
168355,0.57254904508591
168405,0.57647061347961
168455,0.57647061347961
168505,0.57647061347961
168555,0.57647061347961
168605,0.57647061347961
168655,0.58039218187332
168705,0.58039218187332
168755,0.58039218187332
168805,0.58039218187332
168855,0.58431375026703
168905,0.58431375026703
168955,0.58431375026703
169005,0.58431375026703
169055,0.58823531866074
169105,0.58823531866074
169155,0.58823531866074
169205,0.58823531866074
169255,0.58823531866074
169305,0.59215688705444
169355,0.59215688705444
169405,0.59215688705444
169455,0.59215688705444
169505,0.59215688705444
169555,0.59607845544815
169605,0.59607845544815
169655,0.59607845544815
169705,0.59607845544815
169755,0.59607845544815
169805,0.59607845544815
169855,0.59607845544815
169905,0.60000002384186
169955,0.60000002384186
170005,0.60000002384186
170055,0.60000002384186
170105,0.60392159223557
170155,0.60392159223557
170205,0.60392159223557
170255,0.60392159223557
170305,0.60784316062927
170355,0.60784316062927
170405,0.60784316062927
170455,0.60784316062927
170505,0.60784316062927
170555,0.60784316062927
170605,0.61176472902298
170655,0.61176472902298
170705,0.61176472902298
170755,0.61176472902298
170805,0.61176472902298
170855,0.61176472902298
170905,0.61176472902298
170955,0.61176472902298
171005,0.61176472902298
171055,0.61176472902298
171105,0.61176472902298
171155,0.61176472902298
171205,0.61176472902298
171255,0.61176472902298
171305,0.61176472902298
171355,0.61176472902298
171405,0.61176472902298
171455,0.61176472902298
171505,0.61176472902298
171555,0.61176472902298
171605,0.61176472902298
171655,0.61176472902298
171705,0.61176472902298
171755,0.61176472902298
171805,0.60784316062927
171855,0.61176472902298
171905,0.61176472902298
171955,0.61176472902298
172005,0.61176472902298
172055,0.61176472902298
172105,0.60784316062927
172155,0.60784316062927
172205,0.60784316062927
172255,0.60784316062927
172305,0.60784316062927
172355,0.60392159223557
172405,0.60392159223557
172455,0.60392159223557
172505,0.60392159223557
172555,0.60392159223557
172605,0.60000002384186
172655,0.60000002384186
172705,0.60000002384186
172755,0.59607845544815
172805,0.59607845544815
172855,0.59607845544815
172905,0.59215688705444
172955,0.59215688705444
173005,0.59215688705444
173055,0.58823531866074
173105,0.58823531866074
173155,0.58431375026703
173205,0.58431375026703
173255,0.58431375026703
173305,0.58039218187332
173355,0.58039218187332
173405,0.58039218187332
173455,0.58039218187332
173505,0.58039218187332
173555,0.57647061347961
173605,0.57647061347961
173655,0.57647061347961
173705,0.57647061347961
173755,0.57254904508591
173805,0.57254904508591
173856,0.57254904508591
173906,0.57254904508591
173956,0.57254904508591
174006,0.57254904508591
174056,0.57254904508591
174106,0.57647061347961
174156,0.57647061347961
174206,0.57647061347961
174256,0.57647061347961
174306,0.57647061347961
174356,0.57647061347961
174406,0.58039218187332
174456,0.58039218187332
174506,0.58039218187332
174556,0.58039218187332
174606,0.58039218187332
174656,0.58039218187332
174706,0.58039218187332
174756,0.58431375026703
174806,0.58431375026703
174856,0.58431375026703
174906,0.58431375026703
174956,0.58431375026703
175006,0.58431375026703
175056,0.58823531866074
175106,0.58823531866074
175156,0.58823531866074
175206,0.58823531866074
175256,0.58823531866074
175306,0.58823531866074
175356,0.58823531866074
175406,0.58823531866074
175456,0.58823531866074
175506,0.58823531866074
175556,0.58823531866074
175606,0.59215688705444
175656,0.59215688705444
175706,0.59215688705444
175756,0.59215688705444
175806,0.59215688705444
175856,0.59215688705444
175906,0.59215688705444
175956,0.59215688705444
176006,0.59215688705444
176056,0.59215688705444
176106,0.59215688705444
176156,0.59215688705444
176206,0.59215688705444
176256,0.59607845544815
176306,0.59607845544815
176356,0.59607845544815
176406,0.59607845544815
176456,0.59607845544815
176506,0.59607845544815
176556,0.59607845544815
176606,0.59607845544815
176656,0.59607845544815
176706,0.59607845544815
176756,0.59607845544815
176806,0.59607845544815
176856,0.59607845544815
176906,0.59607845544815
176956,0.59607845544815
177006,0.59607845544815
177056,0.59607845544815
177106,0.59607845544815
177156,0.59607845544815
177206,0.59215688705444
177256,0.59215688705444
177306,0.59215688705444
177356,0.59215688705444
177406,0.59215688705444
177456,0.59215688705444
177506,0.59215688705444
177556,0.59215688705444
177606,0.59215688705444
177656,0.59215688705444
177706,0.59215688705444
177756,0.59215688705444
177806,0.59215688705444
177856,0.59215688705444
177906,0.59215688705444
177956,0.59215688705444
178006,0.58823531866074
178056,0.58823531866074
178106,0.58823531866074
178156,0.58823531866074
178206,0.58823531866074
178256,0.58823531866074
178306,0.58823531866074
178356,0.58823531866074
178406,0.58823531866074
178456,0.58823531866074
178506,0.58823531866074
178556,0.58823531866074
178606,0.58431375026703
178656,0.58431375026703
178706,0.58431375026703
178756,0.58431375026703
178806,0.58431375026703
178856,0.58039218187332
178906,0.58039218187332
178956,0.58039218187332
179006,0.58039218187332
179056,0.57647061347961
179106,0.57647061347961
179156,0.57647061347961
179206,0.57647061347961
179256,0.57647061347961
179306,0.57647061347961
179356,0.57254904508591
179406,0.57254904508591
179456,0.57254904508591
179506,0.57254904508591
179556,0.57254904508591
179606,0.57254904508591
179656,0.5686274766922
179706,0.5686274766922
179756,0.5686274766922
179806,0.5686274766922
179856,0.5686274766922
179906,0.56470590829849
179956,0.56470590829849
180006,0.56470590829849
180056,0.56470590829849
180106,0.56078433990479
180156,0.56078433990479
180206,0.56078433990479
180256,0.56078433990479
180306,0.56078433990479
180356,0.55686277151108
180406,0.55686277151108
180456,0.56078433990479
180506,0.56078433990479
180556,0.56078433990479
180606,0.56078433990479
180656,0.55686277151108
180706,0.55686277151108
180756,0.55686277151108
180806,0.55686277151108
180856,0.56078433990479
180906,0.56078433990479
180956,0.56078433990479
181006,0.56078433990479
181056,0.56078433990479
181106,0.56078433990479
181156,0.56078433990479
181206,0.56078433990479
181256,0.56078433990479
181306,0.56078433990479
181356,0.56078433990479
181406,0.56078433990479
181456,0.56078433990479
181506,0.56078433990479
181556,0.56078433990479
181606,0.56078433990479
181656,0.56078433990479
181706,0.56078433990479
181756,0.56078433990479
181806,0.56078433990479
181856,0.56078433990479
181906,0.56078433990479
181956,0.56470590829849
182006,0.56470590829849
182056,0.56470590829849
182106,0.56470590829849
182156,0.56470590829849
182206,0.56470590829849
182256,0.5686274766922
182306,0.5686274766922
182356,0.5686274766922
182406,0.5686274766922
182456,0.57254904508591
182506,0.57254904508591
182556,0.57254904508591
182606,0.57254904508591
182656,0.57254904508591
182706,0.57647061347961
182756,0.57647061347961
182806,0.57647061347961
182856,0.57647061347961
182906,0.57647061347961
182956,0.57647061347961
183006,0.58039218187332
183056,0.58039218187332
183106,0.58039218187332
183156,0.58039218187332
183206,0.58039218187332
183256,0.58039218187332
183306,0.58039218187332
183356,0.58039218187332
183406,0.58431375026703
183456,0.58039218187332
183506,0.58431375026703
183556,0.58431375026703
183606,0.58431375026703
183656,0.58431375026703
183706,0.58823531866074
183756,0.58823531866074
183806,0.58823531866074
183856,0.58823531866074
183906,0.58823531866074
183956,0.58823531866074
184006,0.59215688705444
184056,0.59215688705444
184106,0.59215688705444
184156,0.59215688705444
184206,0.59215688705444
184256,0.58823531866074
184306,0.58823531866074
184356,0.58823531866074
184406,0.58823531866074
184456,0.58431375026703
184506,0.58431375026703
184556,0.58431375026703
184606,0.58431375026703
184656,0.58039218187332
184706,0.58039218187332
184756,0.58039218187332
184806,0.57647061347961
184856,0.57647061347961
184906,0.57254904508591
184956,0.57254904508591
185006,0.5686274766922
185056,0.5686274766922
185106,0.5686274766922
185156,0.56470590829849
185206,0.56470590829849
185256,0.56470590829849
185306,0.56078433990479
185356,0.56078433990479
185406,0.55686277151108
185456,0.55686277151108
185506,0.55294120311737
185556,0.55294120311737
185606,0.54901963472366
185656,0.54901963472366
185706,0.54901963472366
185756,0.54901963472366
185806,0.54509806632996
185856,0.54509806632996
185906,0.54117649793625
185956,0.54117649793625
186006,0.54117649793625
186056,0.54117649793625
186106,0.54117649793625
186156,0.53725492954254
186206,0.53725492954254
186256,0.53725492954254
186306,0.53333336114883
186356,0.53333336114883
186406,0.53333336114883
186456,0.53333336114883
186506,0.53333336114883
186556,0.53333336114883
186606,0.52941179275513
186656,0.52941179275513
186706,0.52941179275513
186756,0.52941179275513
186806,0.52941179275513
186856,0.52941179275513
186906,0.52549022436142
186956,0.52549022436142
187006,0.52549022436142
187056,0.52549022436142
187106,0.52549022436142
187156,0.52549022436142
187206,0.52156865596771
187256,0.52156865596771
187306,0.52156865596771
187356,0.52156865596771
187406,0.52156865596771
187456,0.52156865596771
187506,0.52156865596771
187556,0.52156865596771
187606,0.52156865596771
187656,0.52156865596771
187706,0.52156865596771
187756,0.52156865596771
187806,0.52156865596771
187856,0.52156865596771
187906,0.52156865596771
187956,0.52549022436142
188006,0.52549022436142
188056,0.52549022436142
188106,0.52549022436142
188156,0.52941179275513
188206,0.52941179275513
188256,0.52941179275513
188306,0.53333336114883
188356,0.53333336114883
188406,0.53333336114883
188456,0.53333336114883
188506,0.53725492954254
188556,0.53725492954254
188606,0.53725492954254
188656,0.54117649793625
188706,0.54117649793625
188756,0.54509806632996
188806,0.54509806632996
188856,0.54509806632996
188906,0.54901963472366
188956,0.54901963472366
189006,0.55294120311737
189056,0.55294120311737
189106,0.55686277151108
189156,0.55686277151108
189206,0.56078433990479
189256,0.56078433990479
189306,0.56078433990479
189356,0.56078433990479
189406,0.56470590829849
189456,0.56470590829849
189506,0.56470590829849
189556,0.56470590829849
189606,0.5686274766922
189656,0.5686274766922
189706,0.5686274766922
189756,0.5686274766922
189806,0.5686274766922
189856,0.57254904508591
189906,0.57254904508591
189956,0.57647061347961
190006,0.57647061347961
190056,0.57647061347961
190106,0.57647061347961
190156,0.57647061347961
190207,0.57647061347961
190257,0.58039218187332
190307,0.58039218187332
190357,0.58039218187332
190407,0.58039218187332
190457,0.58039218187332
190507,0.58039218187332
190557,0.58039218187332
190607,0.58039218187332
190657,0.58039218187332
190707,0.58039218187332
190757,0.58039218187332
190807,0.58431375026703
190857,0.58431375026703
190907,0.58431375026703
190957,0.58431375026703
191007,0.58431375026703
191057,0.58431375026703
191107,0.58431375026703
191157,0.58431375026703
191207,0.58039218187332
191257,0.58039218187332
191307,0.58039218187332
191357,0.58039218187332
191407,0.57647061347961
191457,0.57647061347961
191507,0.57647061347961
191557,0.57647061347961
191607,0.57254904508591
191657,0.57254904508591
191707,0.5686274766922
191757,0.5686274766922
191807,0.5686274766922
191857,0.56470590829849
191907,0.56470590829849
191957,0.56078433990479
