GradientMap:,pyramid.png
GradientMap Scale:,10*10
LMap TotalSize:,100
LMap FieldSize:,5
LMap Resolution:,20*20
Mode:,1
Gradient Speed:,0.15000000596046
Explore Speed:,2.5
Target Epsilon:,0.050000000745058
Width Factor:,2
Step Factor:,0.5
CP EpsilonRatio:,0.5
IMU Noise:,0.050000000745058


Time steps,Height
50,0.28627452254295
100,0.28627452254295
150,0.28627452254295
200,0.28627452254295
250,0.28627452254295
300,0.28627452254295
350,0.29019609093666
400,0.29019609093666
450,0.29019609093666
500,0.29019609093666
550,0.29019609093666
600,0.29019609093666
650,0.29019609093666
700,0.29019609093666
750,0.29019609093666
800,0.29019609093666
850,0.29019609093666
900,0.29411765933037
950,0.29411765933037
1000,0.29411765933037
1050,0.29411765933037
1100,0.29411765933037
1149,0.29411765933037
1199,0.29803922772408
1249,0.29803922772408
1299,0.29803922772408
1349,0.29803922772408
1399,0.29803922772408
1449,0.29803922772408
1499,0.30196079611778
1549,0.30196079611778
1599,0.30196079611778
1649,0.30196079611778
1699,0.30196079611778
1749,0.30196079611778
1799,0.30196079611778
1849,0.30196079611778
1899,0.30196079611778
1949,0.30588236451149
1999,0.30588236451149
2049,0.30588236451149
2099,0.30588236451149
2149,0.30588236451149
2199,0.30588236451149
2249,0.30588236451149
2299,0.30588236451149
2349,0.30588236451149
2399,0.30588236451149
2449,0.30588236451149
2499,0.30588236451149
2549,0.3098039329052
2599,0.3098039329052
2649,0.3098039329052
2699,0.3098039329052
2749,0.3098039329052
2799,0.3098039329052
2849,0.3098039329052
2899,0.3098039329052
2949,0.3098039329052
2999,0.3098039329052
3049,0.3098039329052
3099,0.3098039329052
3149,0.3098039329052
3199,0.3137255012989
3249,0.3137255012989
3299,0.3137255012989
3349,0.3137255012989
3399,0.3137255012989
3449,0.3137255012989
3499,0.3137255012989
3549,0.3137255012989
3599,0.3137255012989
3649,0.3137255012989
3699,0.3137255012989
3749,0.3137255012989
3799,0.3137255012989
3849,0.3137255012989
3899,0.3137255012989
3949,0.3137255012989
3999,0.3137255012989
4049,0.3137255012989
4099,0.3137255012989
4149,0.3137255012989
4199,0.3137255012989
4249,0.3137255012989
4299,0.3137255012989
4349,0.3137255012989
4399,0.3137255012989
4449,0.3137255012989
4499,0.3137255012989
4549,0.3137255012989
4599,0.3137255012989
4649,0.3137255012989
4699,0.3137255012989
4750,0.3137255012989
4800,0.3137255012989
4850,0.3137255012989
4900,0.3137255012989
4950,0.3137255012989
5000,0.3137255012989
5050,0.3137255012989
5100,0.3137255012989
5150,0.3137255012989
5200,0.3137255012989
5250,0.3137255012989
5300,0.3137255012989
5350,0.3137255012989
5400,0.3137255012989
5450,0.3137255012989
5500,0.3137255012989
5550,0.3137255012989
5600,0.3137255012989
5650,0.3137255012989
5700,0.3137255012989
5750,0.3137255012989
5800,0.3137255012989
5850,0.3137255012989
5900,0.3137255012989
5950,0.3137255012989
6000,0.3137255012989
6050,0.3137255012989
6100,0.3137255012989
6150,0.3137255012989
6200,0.3137255012989
6250,0.3137255012989
6300,0.3137255012989
6350,0.3137255012989
6400,0.3137255012989
6450,0.3137255012989
6500,0.3137255012989
6550,0.3137255012989
6600,0.3137255012989
6650,0.3137255012989
6700,0.3137255012989
6750,0.3137255012989
6800,0.3137255012989
6850,0.3137255012989
6900,0.3137255012989
6950,0.3137255012989
7000,0.31764706969261
7050,0.31764706969261
7100,0.31764706969261
7150,0.31764706969261
7200,0.31764706969261
7250,0.31764706969261
7300,0.31764706969261
7350,0.31764706969261
7400,0.31764706969261
7450,0.31764706969261
7500,0.31764706969261
7550,0.31764706969261
7600,0.31764706969261
7650,0.32156863808632
7700,0.32156863808632
7750,0.32156863808632
7800,0.32156863808632
7850,0.32156863808632
7900,0.32156863808632
7950,0.32156863808632
8000,0.32156863808632
8050,0.32549020648003
8100,0.32549020648003
8150,0.32549020648003
8200,0.32549020648003
8250,0.32549020648003
8300,0.32549020648003
8350,0.32549020648003
8400,0.32549020648003
8450,0.32941177487373
8500,0.32941177487373
8550,0.32941177487373
8600,0.32941177487373
8650,0.32941177487373
8700,0.32941177487373
8750,0.32941177487373
8800,0.32941177487373
8850,0.32941177487373
8900,0.32941177487373
8950,0.33333334326744
9000,0.33333334326744
9050,0.33333334326744
9100,0.33333334326744
9150,0.33333334326744
9200,0.33333334326744
9250,0.33333334326744
9300,0.33333334326744
9350,0.33725491166115
9400,0.33725491166115
9450,0.33725491166115
9500,0.33725491166115
9550,0.33725491166115
9600,0.33725491166115
9650,0.33725491166115
9700,0.33725491166115
9750,0.33725491166115
9800,0.33725491166115
9850,0.33725491166115
9900,0.33725491166115
9950,0.33725491166115
10000,0.33725491166115
10050,0.33725491166115
10100,0.33725491166115
10150,0.33725491166115
10200,0.33725491166115
10250,0.33725491166115
10300,0.33725491166115
10350,0.33725491166115
10400,0.34117648005486
10450,0.34117648005486
10500,0.34117648005486
10550,0.34117648005486
10600,0.34117648005486
10650,0.34117648005486
10700,0.34117648005486
10750,0.34117648005486
10800,0.34117648005486
10850,0.34117648005486
10900,0.34117648005486
10950,0.34117648005486
11000,0.34509804844856
11050,0.34509804844856
11100,0.34509804844856
11150,0.34509804844856
11200,0.34509804844856
11250,0.34509804844856
11300,0.34509804844856
11350,0.34509804844856
11400,0.34509804844856
11450,0.34509804844856
11500,0.34509804844856
11550,0.34509804844856
11600,0.34509804844856
11650,0.34509804844856
11700,0.34509804844856
11750,0.34509804844856
11800,0.34509804844856
11850,0.34901961684227
11900,0.34901961684227
11950,0.34901961684227
12000,0.34901961684227
12050,0.34901961684227
12100,0.34901961684227
12150,0.34901961684227
12200,0.34901961684227
12250,0.34901961684227
12300,0.34901961684227
12350,0.34901961684227
12400,0.34901961684227
12450,0.34901961684227
12500,0.35294118523598
12550,0.35294118523598
12600,0.35294118523598
12650,0.35294118523598
12700,0.35294118523598
12750,0.35294118523598
12800,0.35294118523598
12850,0.35294118523598
12900,0.35294118523598
12950,0.35294118523598
13000,0.35294118523598
13050,0.35294118523598
13100,0.35294118523598
13150,0.35294118523598
13200,0.35294118523598
13250,0.35294118523598
13300,0.35294118523598
13350,0.35294118523598
13400,0.35294118523598
13450,0.35294118523598
13500,0.35294118523598
13550,0.35294118523598
13600,0.35294118523598
13650,0.35294118523598
13700,0.35294118523598
13750,0.35294118523598
13800,0.35294118523598
13850,0.35294118523598
13900,0.35294118523598
13950,0.35294118523598
14000,0.35294118523598
14050,0.35294118523598
14100,0.35294118523598
14150,0.35294118523598
14200,0.35294118523598
14250,0.35294118523598
14300,0.35294118523598
14350,0.35294118523598
14400,0.34901961684227
14450,0.34901961684227
14500,0.34901961684227
14550,0.34901961684227
14600,0.34901961684227
14650,0.34901961684227
14700,0.34901961684227
14750,0.34901961684227
14800,0.34901961684227
14850,0.34901961684227
14900,0.34509804844856
14950,0.34509804844856
15000,0.34509804844856
15050,0.34509804844856
15100,0.34509804844856
15150,0.34509804844856
15200,0.34117648005486
15250,0.34117648005486
15300,0.34117648005486
15350,0.34117648005486
15400,0.34117648005486
15450,0.34117648005486
15500,0.34117648005486
15550,0.34117648005486
15600,0.34117648005486
15650,0.34117648005486
15700,0.34117648005486
15750,0.34117648005486
15800,0.33725491166115
15850,0.33725491166115
15900,0.33725491166115
15950,0.33725491166115
16000,0.33725491166115
16050,0.33725491166115
16100,0.33725491166115
16150,0.33725491166115
16200,0.33725491166115
16250,0.33725491166115
16300,0.33725491166115
16350,0.33725491166115
16400,0.33725491166115
16450,0.33725491166115
16500,0.33725491166115
16550,0.33725491166115
16600,0.33333334326744
16650,0.33333334326744
16700,0.33333334326744
16750,0.33333334326744
16800,0.33333334326744
16850,0.33333334326744
16900,0.33333334326744
16950,0.33333334326744
17000,0.33333334326744
17050,0.33333334326744
17100,0.33333334326744
17150,0.33333334326744
17200,0.33333334326744
17250,0.33333334326744
17300,0.33333334326744
17350,0.33333334326744
17400,0.33333334326744
17450,0.33725491166115
17500,0.33725491166115
17550,0.33725491166115
17600,0.33725491166115
17650,0.33725491166115
17700,0.33725491166115
17750,0.33725491166115
17800,0.33725491166115
17850,0.33725491166115
17900,0.33725491166115
17950,0.33725491166115
18000,0.33725491166115
18050,0.33725491166115
18100,0.33725491166115
18150,0.33725491166115
18200,0.33725491166115
18250,0.33725491166115
18300,0.33725491166115
18350,0.33725491166115
18400,0.34117648005486
18450,0.34117648005486
18500,0.34117648005486
18550,0.34117648005486
18600,0.34117648005486
18650,0.34117648005486
18700,0.34117648005486
18750,0.34117648005486
18799,0.34117648005486
18849,0.34117648005486
18899,0.34117648005486
18949,0.34117648005486
18999,0.34117648005486
19049,0.34117648005486
19099,0.34117648005486
19149,0.34117648005486
19199,0.34117648005486
19249,0.34117648005486
19299,0.34117648005486
19349,0.34117648005486
19399,0.34509804844856
19449,0.34509804844856
19499,0.34509804844856
19549,0.34509804844856
19599,0.34509804844856
19649,0.34509804844856
19699,0.34509804844856
19749,0.34509804844856
19799,0.34509804844856
19849,0.34509804844856
19899,0.34509804844856
19949,0.34509804844856
19999,0.34509804844856
20049,0.34509804844856
20099,0.34901961684227
20149,0.34901961684227
20199,0.34901961684227
20249,0.34901961684227
20299,0.34901961684227
20349,0.34901961684227
20399,0.34901961684227
20449,0.34901961684227
20499,0.34901961684227
20549,0.34901961684227
20599,0.35294118523598
20649,0.35294118523598
20699,0.35294118523598
20749,0.35294118523598
20799,0.35294118523598
20849,0.35294118523598
20899,0.35294118523598
20949,0.35294118523598
20999,0.35294118523598
21049,0.35294118523598
21099,0.35294118523598
21149,0.35294118523598
21199,0.35294118523598
21249,0.35294118523598
21299,0.35294118523598
21349,0.35294118523598
21399,0.35294118523598
21449,0.35294118523598
21499,0.35294118523598
21549,0.35294118523598
21599,0.35294118523598
21649,0.35294118523598
21699,0.35294118523598
21749,0.35294118523598
21799,0.35294118523598
21849,0.35294118523598
21899,0.35294118523598
21949,0.35294118523598
21999,0.35294118523598
22049,0.35294118523598
22099,0.35294118523598
22149,0.35294118523598
22199,0.35294118523598
22249,0.35294118523598
22299,0.35294118523598
22349,0.35294118523598
22399,0.35294118523598
22449,0.35294118523598
22499,0.35294118523598
22549,0.35294118523598
22599,0.35294118523598
22649,0.35294118523598
22699,0.35294118523598
22749,0.35294118523598
22799,0.35294118523598
22849,0.35294118523598
22899,0.35294118523598
22949,0.35294118523598
22999,0.35294118523598
23049,0.35294118523598
23099,0.35294118523598
23149,0.35294118523598
23199,0.35294118523598
23249,0.35686275362968
23299,0.35686275362968
23349,0.35686275362968
23399,0.35686275362968
23449,0.35686275362968
23499,0.35686275362968
23549,0.35686275362968
23599,0.35686275362968
23649,0.35686275362968
23699,0.35686275362968
23749,0.35686275362968
23799,0.35686275362968
23849,0.35686275362968
23899,0.35686275362968
23949,0.35686275362968
23999,0.35686275362968
24049,0.35686275362968
24099,0.35686275362968
24149,0.36078432202339
24199,0.36078432202339
24249,0.36078432202339
24299,0.36078432202339
24349,0.36078432202339
24399,0.36078432202339
24449,0.36078432202339
24499,0.36078432202339
24549,0.36078432202339
24599,0.36078432202339
24649,0.36078432202339
24699,0.36078432202339
24749,0.36078432202339
24799,0.36078432202339
24849,0.36078432202339
24899,0.36078432202339
24949,0.36078432202339
24999,0.36078432202339
25049,0.36078432202339
25099,0.36078432202339
25149,0.36078432202339
25199,0.36078432202339
25249,0.36078432202339
25299,0.36078432202339
25349,0.36078432202339
25399,0.36078432202339
25449,0.36078432202339
25499,0.36078432202339
25549,0.36078432202339
25599,0.36078432202339
25649,0.36078432202339
25699,0.36078432202339
25749,0.35686275362968
25799,0.35686275362968
25849,0.35686275362968
25899,0.35686275362968
25949,0.35686275362968
25999,0.35686275362968
26049,0.35686275362968
26099,0.35686275362968
26149,0.35686275362968
26199,0.35686275362968
26249,0.35686275362968
26299,0.35686275362968
26349,0.35686275362968
26399,0.35294118523598
26449,0.35294118523598
26499,0.35294118523598
26549,0.35294118523598
26599,0.35294118523598
26649,0.35294118523598
26699,0.35294118523598
26749,0.35294118523598
26799,0.34901961684227
26849,0.34901961684227
26899,0.34901961684227
26949,0.34901961684227
26999,0.34901961684227
27049,0.34901961684227
27099,0.34509804844856
27149,0.34509804844856
27199,0.34509804844856
27249,0.34509804844856
27299,0.34509804844856
27349,0.34509804844856
27399,0.34117648005486
27449,0.34117648005486
27499,0.34117648005486
27549,0.34117648005486
27599,0.34117648005486
27649,0.33725491166115
27699,0.33725491166115
27749,0.33725491166115
27799,0.33725491166115
27849,0.33725491166115
27899,0.33333334326744
27949,0.33333334326744
27999,0.33333334326744
28049,0.33333334326744
28099,0.33333334326744
28149,0.33333334326744
28199,0.33333334326744
28249,0.33333334326744
28299,0.33333334326744
28349,0.33333334326744
28399,0.33333334326744
28449,0.33333334326744
28499,0.33333334326744
28549,0.33725491166115
28599,0.33725491166115
28649,0.33725491166115
28699,0.33725491166115
28749,0.33725491166115
28799,0.34117648005486
28849,0.34117648005486
28899,0.34117648005486
28949,0.34117648005486
28999,0.34117648005486
29049,0.34509804844856
29099,0.34509804844856
29149,0.34509804844856
29199,0.34509804844856
29249,0.34509804844856
29299,0.34509804844856
29349,0.34901961684227
29399,0.34901961684227
29449,0.34901961684227
29499,0.34901961684227
29549,0.35294118523598
29599,0.35294118523598
29649,0.35294118523598
29699,0.35294118523598
29749,0.35686275362968
29799,0.35686275362968
29849,0.35686275362968
29899,0.35686275362968
29949,0.36078432202339
29999,0.36078432202339
30049,0.36078432202339
30099,0.36078432202339
30149,0.36078432202339
30199,0.3647058904171
30249,0.3647058904171
30299,0.3647058904171
30349,0.3647058904171
30399,0.36862745881081
30449,0.36862745881081
30499,0.36862745881081
30549,0.36862745881081
30599,0.37254902720451
30649,0.37254902720451
30699,0.37254902720451
30749,0.37647059559822
30799,0.37647059559822
30849,0.37647059559822
30899,0.37647059559822
30949,0.38039216399193
30999,0.38039216399193
31049,0.38039216399193
31099,0.38039216399193
31149,0.38431373238564
31199,0.38431373238564
31249,0.38431373238564
31299,0.38431373238564
31349,0.38823530077934
31399,0.38823530077934
31449,0.38823530077934
31499,0.38823530077934
31549,0.38823530077934
31599,0.38823530077934
31649,0.38823530077934
31699,0.38823530077934
31749,0.38823530077934
31799,0.39215686917305
31849,0.39215686917305
31899,0.39215686917305
31949,0.39215686917305
31999,0.39215686917305
32049,0.39215686917305
32099,0.39215686917305
32149,0.38823530077934
32199,0.38823530077934
32249,0.38823530077934
32299,0.38823530077934
32349,0.38823530077934
32399,0.38823530077934
32449,0.38823530077934
32499,0.38823530077934
32549,0.38823530077934
32599,0.38431373238564
32649,0.38431373238564
32699,0.38431373238564
32749,0.38431373238564
32799,0.38431373238564
32849,0.38431373238564
32899,0.38039216399193
32949,0.38039216399193
32999,0.38039216399193
33049,0.38039216399193
33099,0.37647059559822
33149,0.37647059559822
33199,0.37647059559822
33249,0.37647059559822
33299,0.37647059559822
33349,0.37254902720451
33399,0.37254902720451
33449,0.37254902720451
33499,0.37254902720451
33549,0.36862745881081
33599,0.36862745881081
33649,0.36862745881081
33699,0.3647058904171
33749,0.3647058904171
33799,0.3647058904171
33849,0.36078432202339
33899,0.36078432202339
33949,0.36078432202339
33999,0.35686275362968
34049,0.35686275362968
34099,0.35686275362968
34149,0.35294118523598
34199,0.35294118523598
34249,0.35294118523598
34299,0.34901961684227
34349,0.34901961684227
34399,0.34901961684227
34449,0.34509804844856
34499,0.34509804844856
34549,0.34509804844856
34599,0.34117648005486
34649,0.34117648005486
34699,0.34117648005486
34749,0.33725491166115
34799,0.33725491166115
34849,0.33725491166115
34899,0.33725491166115
34949,0.33333334326744
34999,0.33333334326744
35049,0.33333334326744
35099,0.33333334326744
35149,0.32941177487373
35199,0.32941177487373
35249,0.32941177487373
35299,0.32941177487373
35349,0.32941177487373
35399,0.32941177487373
35449,0.32549020648003
35499,0.32549020648003
35549,0.32549020648003
35599,0.32549020648003
35649,0.32549020648003
35699,0.32549020648003
35749,0.32549020648003
35799,0.32549020648003
35849,0.32549020648003
35899,0.32549020648003
35949,0.32549020648003
35999,0.32549020648003
36049,0.32549020648003
36099,0.32549020648003
36149,0.32549020648003
36199,0.32549020648003
36249,0.32549020648003
36299,0.32549020648003
36349,0.32941177487373
36399,0.32941177487373
36449,0.32941177487373
36499,0.32941177487373
36549,0.32941177487373
36599,0.32941177487373
36649,0.33333334326744
36699,0.33333334326744
36749,0.33333334326744
36799,0.33333334326744
36849,0.33333334326744
36899,0.33725491166115
36949,0.33725491166115
36999,0.33725491166115
37049,0.33725491166115
37099,0.33725491166115
37149,0.33725491166115
37199,0.34117648005486
37249,0.34117648005486
37299,0.34117648005486
37349,0.34117648005486
37399,0.34117648005486
37449,0.34509804844856
37499,0.34509804844856
37549,0.34509804844856
37599,0.34509804844856
37649,0.34509804844856
37699,0.34509804844856
37749,0.34901961684227
37799,0.34901961684227
37849,0.34901961684227
37899,0.34901961684227
37949,0.35294118523598
37999,0.35294118523598
38049,0.35294118523598
38099,0.35294118523598
38149,0.35686275362968
38199,0.35686275362968
38249,0.35686275362968
38299,0.35686275362968
38349,0.35686275362968
38399,0.36078432202339
38449,0.36078432202339
38499,0.36078432202339
38549,0.36078432202339
38599,0.3647058904171
38649,0.3647058904171
38699,0.3647058904171
38749,0.3647058904171
38799,0.3647058904171
38849,0.36862745881081
38899,0.36862745881081
38949,0.36862745881081
38999,0.36862745881081
39049,0.36862745881081
39099,0.37254902720451
39149,0.37254902720451
39199,0.37254902720451
39249,0.37254902720451
39299,0.37254902720451
39349,0.37647059559822
39399,0.37647059559822
39449,0.37647059559822
39499,0.37647059559822
39549,0.37647059559822
39599,0.37647059559822
39649,0.38039216399193
39699,0.38039216399193
39749,0.38039216399193
39799,0.38039216399193
39849,0.38039216399193
39899,0.38039216399193
39949,0.38039216399193
39999,0.38039216399193
40049,0.38039216399193
40099,0.38039216399193
40149,0.38039216399193
40199,0.38039216399193
40249,0.38039216399193
40299,0.38039216399193
40349,0.38039216399193
40399,0.38039216399193
40449,0.38039216399193
40499,0.38039216399193
40549,0.38039216399193
40599,0.38039216399193
40649,0.38039216399193
40699,0.38039216399193
40749,0.38039216399193
40799,0.37647059559822
40849,0.37647059559822
40899,0.37647059559822
40949,0.37647059559822
40999,0.37647059559822
41049,0.37647059559822
41099,0.37254902720451
41149,0.37254902720451
41199,0.37254902720451
41249,0.37254902720451
41299,0.36862745881081
41349,0.36862745881081
41399,0.36862745881081
41449,0.36862745881081
41499,0.3647058904171
41549,0.3647058904171
41599,0.3647058904171
41649,0.3647058904171
41699,0.36078432202339
41749,0.36078432202339
41799,0.36078432202339
41849,0.35686275362968
41899,0.35686275362968
41949,0.35686275362968
41999,0.35686275362968
42049,0.35294118523598
42099,0.35294118523598
42149,0.35294118523598
42199,0.35294118523598
42249,0.34901961684227
42299,0.34901961684227
42349,0.34901961684227
42399,0.34901961684227
42449,0.34509804844856
42499,0.34509804844856
42549,0.34509804844856
42599,0.34509804844856
42649,0.34509804844856
42699,0.34117648005486
42749,0.34117648005486
42799,0.34117648005486
42849,0.34117648005486
42899,0.33725491166115
42949,0.33725491166115
42999,0.33725491166115
43049,0.33725491166115
43099,0.33725491166115
43149,0.33725491166115
43199,0.33725491166115
43249,0.33725491166115
43299,0.33725491166115
43349,0.33725491166115
43399,0.33725491166115
43449,0.33725491166115
43499,0.33725491166115
43549,0.33725491166115
43599,0.33725491166115
43649,0.33725491166115
43699,0.33725491166115
43749,0.33725491166115
43799,0.33725491166115
43849,0.33725491166115
43899,0.33725491166115
43949,0.33725491166115
43999,0.33725491166115
44049,0.34117648005486
44099,0.34117648005486
44149,0.34117648005486
44199,0.34117648005486
44249,0.34117648005486
44299,0.34117648005486
44349,0.34509804844856
44399,0.34509804844856
44449,0.34509804844856
44499,0.34509804844856
44549,0.34509804844856
44599,0.34901961684227
44649,0.34901961684227
44699,0.34901961684227
44749,0.34901961684227
44799,0.35294118523598
44849,0.35294118523598
44899,0.35294118523598
44949,0.35686275362968
44999,0.35686275362968
45049,0.35686275362968
45099,0.36078432202339
45149,0.36078432202339
45199,0.36078432202339
45249,0.3647058904171
45299,0.3647058904171
45349,0.3647058904171
45399,0.36862745881081
45449,0.36862745881081
45499,0.36862745881081
45549,0.37254902720451
45599,0.37254902720451
45649,0.37254902720451
45699,0.37647059559822
45749,0.37647059559822
45799,0.37647059559822
45849,0.38039216399193
45899,0.38039216399193
45949,0.38039216399193
45999,0.38039216399193
46049,0.38431373238564
46099,0.38431373238564
46149,0.38431373238564
46199,0.38431373238564
46249,0.38823530077934
46299,0.38823530077934
46349,0.38823530077934
46399,0.38823530077934
46449,0.38823530077934
46499,0.39215686917305
46549,0.39215686917305
46599,0.39215686917305
46649,0.39215686917305
46699,0.39215686917305
46749,0.39607843756676
46799,0.39607843756676
46849,0.39607843756676
46899,0.39607843756676
46949,0.39607843756676
46999,0.39607843756676
47049,0.39607843756676
47099,0.39607843756676
47149,0.39607843756676
47199,0.39607843756676
47249,0.39607843756676
47299,0.39607843756676
47349,0.39607843756676
47399,0.39607843756676
47449,0.39607843756676
47499,0.39607843756676
47549,0.39607843756676
47599,0.39607843756676
47649,0.39607843756676
47699,0.39607843756676
47749,0.39607843756676
47799,0.39607843756676
47849,0.39215686917305
47899,0.39215686917305
47949,0.39215686917305
47999,0.39215686917305
48049,0.39215686917305
48099,0.39215686917305
48149,0.39215686917305
48199,0.39215686917305
48249,0.39215686917305
48299,0.39215686917305
48349,0.39215686917305
48399,0.39215686917305
48449,0.38823530077934
48499,0.38823530077934
48549,0.38823530077934
48599,0.38823530077934
48649,0.38823530077934
48699,0.38823530077934
48749,0.38823530077934
48799,0.38431373238564
48849,0.38431373238564
48899,0.38431373238564
48949,0.38431373238564
48999,0.38431373238564
49049,0.38431373238564
49099,0.38431373238564
49149,0.38431373238564
49199,0.38039216399193
49249,0.38039216399193
49299,0.38039216399193
49349,0.38039216399193
49399,0.38039216399193
49449,0.38039216399193
49499,0.38039216399193
49549,0.37647059559822
49599,0.37647059559822
49649,0.37647059559822
49699,0.37647059559822
49749,0.37647059559822
49799,0.37647059559822
49849,0.37647059559822
49899,0.37647059559822
49949,0.37254902720451
49999,0.37254902720451
50049,0.37254902720451
50099,0.37254902720451
50149,0.37254902720451
50199,0.36862745881081
50249,0.36862745881081
50299,0.36862745881081
50349,0.36862745881081
50399,0.36862745881081
50449,0.36862745881081
50499,0.3647058904171
50549,0.3647058904171
50599,0.3647058904171
50649,0.3647058904171
50699,0.3647058904171
50749,0.3647058904171
50799,0.3647058904171
50849,0.3647058904171
50899,0.36078432202339
50949,0.36078432202339
50999,0.36078432202339
51049,0.36078432202339
51099,0.36078432202339
51149,0.36078432202339
51199,0.36078432202339
51249,0.36078432202339
51299,0.36078432202339
51349,0.36078432202339
51399,0.36078432202339
51449,0.36078432202339
51499,0.36078432202339
51549,0.36078432202339
51599,0.36078432202339
51649,0.36078432202339
51699,0.36078432202339
51749,0.36078432202339
51799,0.36078432202339
51849,0.36078432202339
51899,0.36078432202339
51949,0.36078432202339
51999,0.36078432202339
52049,0.36078432202339
52099,0.36078432202339
52149,0.3647058904171
52199,0.3647058904171
52249,0.3647058904171
52299,0.3647058904171
52349,0.3647058904171
52399,0.36862745881081
52449,0.36862745881081
52499,0.36862745881081
52549,0.36862745881081
52599,0.36862745881081
52649,0.36862745881081
52699,0.36862745881081
52749,0.37254902720451
52799,0.37254902720451
52849,0.37254902720451
52899,0.37254902720451
52949,0.37254902720451
52999,0.37254902720451
53049,0.37647059559822
53099,0.37647059559822
53149,0.37647059559822
53199,0.37647059559822
53249,0.37647059559822
53299,0.37647059559822
53349,0.37647059559822
53399,0.37647059559822
53449,0.37647059559822
53499,0.37647059559822
53549,0.38039216399193
53599,0.38039216399193
53649,0.38039216399193
53699,0.38039216399193
53749,0.38039216399193
53799,0.38039216399193
53849,0.38039216399193
53899,0.38039216399193
53949,0.38039216399193
53999,0.38039216399193
54049,0.38039216399193
54099,0.38039216399193
54149,0.38039216399193
54199,0.38039216399193
54249,0.38039216399193
54299,0.38039216399193
54349,0.38039216399193
54399,0.38039216399193
54449,0.38039216399193
54499,0.38039216399193
54549,0.38039216399193
54599,0.38039216399193
54649,0.38039216399193
54699,0.38039216399193
54749,0.38039216399193
54799,0.38039216399193
54849,0.38039216399193
54899,0.38039216399193
54949,0.38039216399193
54999,0.38039216399193
55049,0.38039216399193
55099,0.38039216399193
55149,0.38039216399193
55199,0.38039216399193
55249,0.38039216399193
55299,0.38039216399193
55349,0.38039216399193
55399,0.38039216399193
55449,0.38039216399193
55499,0.38039216399193
55549,0.38039216399193
55599,0.38039216399193
55649,0.38039216399193
55699,0.38039216399193
55749,0.38039216399193
55799,0.38039216399193
55849,0.38039216399193
55899,0.38039216399193
55949,0.38039216399193
55999,0.38039216399193
56049,0.38039216399193
56099,0.38039216399193
56149,0.38039216399193
56199,0.38039216399193
56249,0.38039216399193
56299,0.38039216399193
56349,0.38039216399193
56399,0.38039216399193
56449,0.38039216399193
56499,0.38039216399193
56549,0.38039216399193
56599,0.38039216399193
56649,0.38039216399193
56699,0.38039216399193
56749,0.38039216399193
56799,0.38431373238564
56849,0.38431373238564
56899,0.38431373238564
56949,0.38431373238564
56999,0.38431373238564
57049,0.38431373238564
57099,0.38431373238564
57149,0.38431373238564
57199,0.38431373238564
57249,0.38823530077934
57299,0.38823530077934
57349,0.38823530077934
57399,0.38823530077934
57449,0.38823530077934
57499,0.38823530077934
57549,0.38823530077934
57599,0.39215686917305
57649,0.39215686917305
57699,0.39215686917305
57749,0.39215686917305
57799,0.39215686917305
57849,0.39215686917305
57899,0.39215686917305
57949,0.39215686917305
57999,0.39607843756676
58049,0.39607843756676
58099,0.39607843756676
58149,0.39607843756676
58199,0.39607843756676
58249,0.39607843756676
58299,0.39607843756676
58349,0.39607843756676
58399,0.39607843756676
58449,0.39607843756676
58499,0.39607843756676
58549,0.39607843756676
58599,0.39607843756676
58649,0.39607843756676
58699,0.39607843756676
58749,0.40000000596046
58799,0.40000000596046
58849,0.40000000596046
58899,0.40000000596046
58949,0.40000000596046
58999,0.40000000596046
59049,0.40000000596046
59099,0.40000000596046
59149,0.40000000596046
59199,0.40000000596046
59249,0.40000000596046
59299,0.40392157435417
59349,0.40392157435417
59399,0.40392157435417
59449,0.40392157435417
59499,0.40392157435417
59549,0.40392157435417
59599,0.40392157435417
59649,0.40392157435417
59699,0.40784314274788
59749,0.40784314274788
59799,0.40784314274788
59849,0.40784314274788
59899,0.40784314274788
59949,0.40784314274788
59999,0.40784314274788
60049,0.40784314274788
60099,0.40784314274788
60149,0.40784314274788
60199,0.40784314274788
60249,0.40784314274788
60299,0.40784314274788
60349,0.40784314274788
60399,0.40784314274788
60449,0.40784314274788
60499,0.40784314274788
60549,0.40784314274788
60599,0.40784314274788
60649,0.40784314274788
60699,0.40784314274788
60749,0.40784314274788
60799,0.40784314274788
60849,0.40784314274788
60899,0.40784314274788
60949,0.40784314274788
60999,0.40784314274788
61049,0.40784314274788
61099,0.40784314274788
61149,0.40784314274788
61199,0.40784314274788
61249,0.40784314274788
61299,0.40784314274788
61349,0.40784314274788
61399,0.40784314274788
61449,0.40784314274788
61499,0.40784314274788
61549,0.40784314274788
61599,0.40784314274788
61649,0.40784314274788
61699,0.40784314274788
61749,0.40784314274788
61799,0.40784314274788
61849,0.40784314274788
61899,0.40784314274788
61949,0.40784314274788
61999,0.40784314274788
62049,0.40784314274788
62099,0.40784314274788
62149,0.40784314274788
62199,0.40392157435417
62249,0.40392157435417
62299,0.40392157435417
62349,0.40392157435417
62399,0.40392157435417
62449,0.40392157435417
62499,0.40392157435417
62549,0.40392157435417
62599,0.40392157435417
62649,0.40392157435417
62699,0.40392157435417
62749,0.40392157435417
62799,0.40392157435417
62849,0.40392157435417
62899,0.40392157435417
62949,0.40392157435417
62999,0.40392157435417
63049,0.40392157435417
63099,0.40392157435417
63149,0.40392157435417
63199,0.40392157435417
63249,0.40392157435417
63299,0.40392157435417
63349,0.40392157435417
63399,0.40392157435417
63449,0.40392157435417
63499,0.40392157435417
63549,0.40392157435417
63599,0.40392157435417
63649,0.40392157435417
63699,0.40392157435417
63749,0.40392157435417
63799,0.40000000596046
63849,0.40000000596046
63899,0.40000000596046
63949,0.40000000596046
63999,0.40000000596046
64049,0.40000000596046
64099,0.40000000596046
64149,0.40000000596046
64199,0.40000000596046
64249,0.40000000596046
64299,0.40000000596046
64349,0.40000000596046
64399,0.40000000596046
64449,0.40000000596046
64499,0.40000000596046
64549,0.40000000596046
64599,0.40000000596046
64649,0.40000000596046
64699,0.40000000596046
64749,0.40000000596046
64799,0.40000000596046
64849,0.40000000596046
64899,0.40000000596046
64949,0.40000000596046
64999,0.40000000596046
65049,0.40000000596046
65099,0.40000000596046
65149,0.40000000596046
65199,0.40000000596046
65249,0.40000000596046
65299,0.40000000596046
65349,0.40000000596046
65399,0.40000000596046
65449,0.40000000596046
65499,0.40000000596046
65549,0.40000000596046
65599,0.40000000596046
65649,0.40000000596046
65699,0.40392157435417
65749,0.40392157435417
65799,0.40392157435417
65849,0.40392157435417
65899,0.40392157435417
65949,0.40392157435417
65999,0.40392157435417
66049,0.40392157435417
66099,0.40392157435417
66149,0.40392157435417
66199,0.40392157435417
66249,0.40784314274788
66299,0.40784314274788
66349,0.40784314274788
66399,0.40784314274788
66449,0.40784314274788
66499,0.40784314274788
66549,0.40784314274788
66599,0.40784314274788
66649,0.40784314274788
66699,0.40784314274788
66749,0.41176471114159
66799,0.41176471114159
66849,0.41176471114159
66899,0.41176471114159
66949,0.41176471114159
66999,0.41176471114159
67049,0.41176471114159
67099,0.41176471114159
67149,0.41176471114159
67199,0.41176471114159
67249,0.41176471114159
67299,0.41568627953529
67349,0.41568627953529
67399,0.41568627953529
67449,0.41568627953529
67499,0.41568627953529
67549,0.41568627953529
67599,0.41568627953529
67649,0.41568627953529
67699,0.41568627953529
67749,0.41568627953529
67799,0.419607847929
67849,0.419607847929
67899,0.419607847929
67949,0.419607847929
67999,0.419607847929
68049,0.419607847929
68099,0.419607847929
68149,0.419607847929
68199,0.42352941632271
68249,0.42352941632271
68299,0.42352941632271
68349,0.42352941632271
68399,0.42352941632271
68449,0.42352941632271
68499,0.42352941632271
68549,0.42352941632271
68599,0.42352941632271
68649,0.42352941632271
68699,0.42352941632271
68749,0.42352941632271
68799,0.42352941632271
68849,0.42352941632271
68899,0.42352941632271
68949,0.42352941632271
68999,0.42352941632271
69049,0.42352941632271
69099,0.42352941632271
69149,0.42352941632271
69199,0.42352941632271
69249,0.42352941632271
69299,0.42352941632271
69349,0.42352941632271
69399,0.42352941632271
69449,0.42352941632271
69499,0.42352941632271
69549,0.419607847929
69599,0.419607847929
69649,0.419607847929
69699,0.419607847929
69749,0.419607847929
69799,0.419607847929
69849,0.419607847929
69899,0.419607847929
69949,0.419607847929
69999,0.419607847929
70049,0.419607847929
70099,0.419607847929
70149,0.41568627953529
70199,0.41568627953529
70249,0.41568627953529
70299,0.41568627953529
70349,0.41568627953529
70399,0.41568627953529
70449,0.41568627953529
70499,0.41568627953529
70549,0.41568627953529
70599,0.41568627953529
70649,0.41568627953529
70699,0.41568627953529
70749,0.41568627953529
70799,0.41568627953529
70849,0.41568627953529
70899,0.41568627953529
70949,0.41568627953529
70999,0.41568627953529
71049,0.41568627953529
71099,0.41176471114159
71149,0.41176471114159
71199,0.41176471114159
71249,0.41176471114159
71299,0.41176471114159
71349,0.41176471114159
71399,0.41176471114159
71449,0.41176471114159
71499,0.41568627953529
71549,0.41568627953529
71599,0.41568627953529
71649,0.41568627953529
71699,0.41568627953529
71749,0.41568627953529
71799,0.41568627953529
71849,0.41568627953529
71899,0.41568627953529
71949,0.41568627953529
71999,0.41568627953529
72049,0.41568627953529
72099,0.41568627953529
72149,0.41568627953529
72199,0.41568627953529
72249,0.41568627953529
72299,0.41568627953529
72349,0.41568627953529
72399,0.41568627953529
72449,0.41568627953529
72499,0.41568627953529
72549,0.41568627953529
72599,0.41568627953529
72649,0.41568627953529
72699,0.419607847929
72749,0.419607847929
72799,0.419607847929
72849,0.419607847929
72899,0.419607847929
72949,0.419607847929
72999,0.419607847929
73049,0.419607847929
73099,0.419607847929
73149,0.419607847929
73199,0.419607847929
73249,0.419607847929
73299,0.419607847929
73349,0.419607847929
73399,0.419607847929
73449,0.419607847929
73499,0.419607847929
73549,0.419607847929
73599,0.419607847929
73649,0.419607847929
73699,0.419607847929
73749,0.419607847929
73799,0.419607847929
73849,0.419607847929
73899,0.42352941632271
73949,0.42352941632271
73999,0.42352941632271
74049,0.42352941632271
74099,0.42352941632271
74149,0.42352941632271
74199,0.42352941632271
74249,0.42352941632271
74299,0.42352941632271
74349,0.42352941632271
74399,0.42352941632271
74449,0.42352941632271
74499,0.42352941632271
74549,0.42352941632271
74599,0.42352941632271
74649,0.42745098471642
74699,0.42745098471642
74749,0.42745098471642
74799,0.42745098471642
74849,0.42745098471642
74899,0.42745098471642
74949,0.42745098471642
74999,0.42745098471642
75049,0.42745098471642
75099,0.42745098471642
75149,0.43137255311012
75199,0.43137255311012
75249,0.43137255311012
75299,0.43137255311012
75349,0.43137255311012
75400,0.43137255311012
75450,0.43137255311012
75500,0.43137255311012
75550,0.43137255311012
75600,0.43137255311012
75650,0.43137255311012
75700,0.43137255311012
75750,0.43137255311012
75800,0.43529412150383
75850,0.43529412150383
75900,0.43529412150383
75950,0.43529412150383
76000,0.43529412150383
76050,0.43529412150383
76100,0.43529412150383
76150,0.43529412150383
76200,0.43529412150383
76250,0.43529412150383
76300,0.43529412150383
76350,0.43529412150383
76400,0.43529412150383
76450,0.43529412150383
76500,0.43921568989754
76550,0.43921568989754
76600,0.43921568989754
76650,0.43921568989754
76700,0.43921568989754
76750,0.43921568989754
76800,0.43921568989754
76850,0.43921568989754
76900,0.43921568989754
76950,0.43921568989754
77000,0.43921568989754
77050,0.43921568989754
77100,0.44313725829124
77150,0.44313725829124
77200,0.44313725829124
77250,0.44313725829124
77300,0.44313725829124
77350,0.44313725829124
77400,0.44313725829124
77450,0.44313725829124
77500,0.44705882668495
77550,0.44705882668495
77600,0.44705882668495
77650,0.44705882668495
77700,0.44705882668495
77750,0.44705882668495
77800,0.44705882668495
77850,0.44705882668495
77900,0.44705882668495
77950,0.44705882668495
78000,0.44705882668495
78050,0.45098039507866
78100,0.45098039507866
78150,0.45098039507866
78200,0.45098039507866
78250,0.45098039507866
78300,0.45098039507866
78350,0.45098039507866
78400,0.45098039507866
78450,0.45098039507866
78500,0.45098039507866
78550,0.45098039507866
78600,0.45098039507866
78650,0.45098039507866
78700,0.45490196347237
78750,0.45490196347237
78800,0.45490196347237
78850,0.45490196347237
78900,0.45490196347237
78950,0.45490196347237
79000,0.45490196347237
79050,0.45490196347237
79100,0.45490196347237
79150,0.45490196347237
79200,0.45490196347237
79250,0.45490196347237
79300,0.45490196347237
79350,0.45490196347237
79400,0.45490196347237
79450,0.45490196347237
79500,0.45490196347237
79550,0.45490196347237
79600,0.45490196347237
79650,0.45490196347237
79700,0.45490196347237
79750,0.45490196347237
79800,0.45490196347237
79850,0.45490196347237
79900,0.45490196347237
79950,0.45098039507866
80000,0.45098039507866
80050,0.45098039507866
80100,0.45098039507866
80150,0.45098039507866
80200,0.45098039507866
80250,0.45098039507866
80300,0.45098039507866
80350,0.45098039507866
80400,0.45098039507866
80450,0.45098039507866
80500,0.45098039507866
80550,0.45098039507866
80600,0.45098039507866
80650,0.45490196347237
80700,0.45490196347237
80750,0.45490196347237
80800,0.45490196347237
80850,0.45490196347237
80900,0.45490196347237
80950,0.45490196347237
81000,0.45490196347237
81050,0.45490196347237
81100,0.45490196347237
81150,0.45490196347237
81200,0.45490196347237
81250,0.45882353186607
81300,0.45882353186607
81350,0.45882353186607
81400,0.45882353186607
81450,0.45882353186607
81500,0.45882353186607
81550,0.45882353186607
81600,0.45882353186607
81650,0.45882353186607
81700,0.45882353186607
81750,0.45882353186607
81800,0.45882353186607
81850,0.45882353186607
81900,0.45882353186607
81950,0.45882353186607
82000,0.45882353186607
82050,0.45882353186607
82100,0.45882353186607
82150,0.45882353186607
82200,0.45882353186607
82250,0.45882353186607
82300,0.45882353186607
82350,0.45882353186607
82400,0.45882353186607
82450,0.45882353186607
82500,0.45882353186607
82550,0.45882353186607
82600,0.45882353186607
82650,0.45882353186607
82700,0.45882353186607
82750,0.45882353186607
82800,0.45882353186607
82850,0.45882353186607
82900,0.45882353186607
82950,0.45882353186607
83000,0.45882353186607
83050,0.45882353186607
83100,0.45882353186607
83150,0.45882353186607
83200,0.45882353186607
83250,0.45882353186607
83300,0.45882353186607
83350,0.45882353186607
83400,0.45882353186607
83450,0.45882353186607
83500,0.45882353186607
83550,0.45882353186607
83600,0.45882353186607
83650,0.45882353186607
83700,0.45490196347237
83750,0.45490196347237
83800,0.45490196347237
83850,0.45490196347237
83900,0.45490196347237
83950,0.45490196347237
84000,0.45490196347237
84050,0.45490196347237
84100,0.45490196347237
84150,0.45490196347237
84200,0.45490196347237
84250,0.45490196347237
84300,0.45490196347237
84350,0.45490196347237
84400,0.45490196347237
84450,0.45490196347237
84500,0.45490196347237
84550,0.45490196347237
84600,0.45490196347237
84650,0.45490196347237
84700,0.45490196347237
84750,0.45490196347237
84800,0.45490196347237
84850,0.45490196347237
84900,0.45490196347237
84950,0.45490196347237
85000,0.45490196347237
85050,0.45490196347237
85100,0.45490196347237
85150,0.45490196347237
85200,0.45490196347237
85250,0.45490196347237
85300,0.45490196347237
85350,0.45490196347237
85400,0.45490196347237
85450,0.45490196347237
85500,0.45490196347237
85550,0.45490196347237
85600,0.45490196347237
85650,0.45490196347237
85700,0.45490196347237
85750,0.45490196347237
85800,0.45490196347237
85850,0.45882353186607
85900,0.45882353186607
85950,0.45882353186607
86000,0.45882353186607
86050,0.45882353186607
86100,0.45882353186607
86150,0.45882353186607
86200,0.45882353186607
86250,0.45882353186607
86300,0.45882353186607
86350,0.45882353186607
86400,0.45882353186607
86450,0.45882353186607
86500,0.45882353186607
86550,0.45882353186607
86600,0.45882353186607
86650,0.45882353186607
86700,0.45882353186607
86750,0.45882353186607
86800,0.45882353186607
86850,0.45882353186607
86900,0.45882353186607
86950,0.45882353186607
87000,0.45882353186607
87050,0.45882353186607
87100,0.45882353186607
87150,0.45882353186607
87200,0.45882353186607
87250,0.45882353186607
87300,0.45882353186607
87350,0.45882353186607
87400,0.45882353186607
87450,0.45882353186607
87500,0.45882353186607
87550,0.45882353186607
87600,0.45882353186607
87650,0.45490196347237
87700,0.45490196347237
87750,0.45490196347237
87800,0.45490196347237
87850,0.45490196347237
87900,0.45490196347237
87950,0.45098039507866
88000,0.45098039507866
88050,0.45098039507866
88100,0.45098039507866
88150,0.45098039507866
88200,0.45098039507866
88250,0.45098039507866
88300,0.45098039507866
88350,0.45098039507866
88400,0.45098039507866
88450,0.45098039507866
88500,0.45098039507866
88550,0.45098039507866
88600,0.45098039507866
88650,0.45098039507866
88700,0.45098039507866
88750,0.45098039507866
88800,0.45098039507866
88850,0.45098039507866
88900,0.45490196347237
88950,0.45490196347237
89000,0.45490196347237
89050,0.45490196347237
89100,0.45490196347237
89150,0.45490196347237
89200,0.45490196347237
89250,0.45882353186607
89300,0.45882353186607
89350,0.45882353186607
89400,0.45882353186607
89450,0.45882353186607
89500,0.46274510025978
89550,0.46274510025978
89600,0.46274510025978
89650,0.46274510025978
89700,0.46666666865349
89750,0.46666666865349
89800,0.46666666865349
89850,0.46666666865349
89900,0.4705882370472
89950,0.4705882370472
90000,0.4705882370472
90050,0.4745098054409
90100,0.4745098054409
90150,0.4745098054409
90200,0.4745098054409
90250,0.4745098054409
90300,0.4745098054409
90350,0.4745098054409
90400,0.4745098054409
90450,0.4745098054409
90500,0.4745098054409
90550,0.4745098054409
90600,0.4745098054409
90650,0.4745098054409
90700,0.4745098054409
90750,0.4745098054409
90800,0.4745098054409
90850,0.4745098054409
90900,0.4745098054409
90950,0.4745098054409
91000,0.4745098054409
91050,0.4745098054409
91100,0.4745098054409
91150,0.4745098054409
91200,0.4745098054409
91250,0.4745098054409
91300,0.4745098054409
91350,0.4745098054409
91400,0.4745098054409
91450,0.4745098054409
91500,0.4745098054409
91550,0.4745098054409
91600,0.4745098054409
91650,0.4705882370472
91700,0.4705882370472
91750,0.4705882370472
91801,0.4705882370472
91851,0.4705882370472
91901,0.4705882370472
91951,0.4705882370472
92001,0.4705882370472
92051,0.4705882370472
92101,0.4705882370472
92151,0.4705882370472
92201,0.4705882370472
92251,0.4705882370472
92301,0.4705882370472
92351,0.4705882370472
92401,0.4705882370472
92451,0.46666666865349
92501,0.46666666865349
92551,0.46666666865349
92601,0.46666666865349
92651,0.46666666865349
92701,0.46666666865349
92751,0.46666666865349
92801,0.46666666865349
92851,0.46666666865349
92901,0.46666666865349
92951,0.46666666865349
93001,0.46666666865349
93051,0.46666666865349
93101,0.46666666865349
93151,0.46666666865349
93201,0.46666666865349
93251,0.46666666865349
93301,0.46666666865349
93351,0.46666666865349
93401,0.46666666865349
93451,0.46666666865349
93501,0.46666666865349
93551,0.4705882370472
93601,0.4705882370472
93651,0.4705882370472
93701,0.4705882370472
93751,0.4705882370472
93801,0.4705882370472
93851,0.4705882370472
93901,0.4705882370472
93951,0.4705882370472
94001,0.4705882370472
94051,0.4705882370472
94101,0.4705882370472
94151,0.4745098054409
94201,0.4745098054409
94251,0.4745098054409
94301,0.4745098054409
94351,0.4745098054409
94401,0.4745098054409
94451,0.4745098054409
94501,0.4745098054409
94551,0.4745098054409
94601,0.4745098054409
94651,0.4745098054409
94701,0.4745098054409
94751,0.4745098054409
94801,0.4745098054409
94851,0.4705882370472
94901,0.4705882370472
94951,0.4705882370472
95001,0.4705882370472
95051,0.4705882370472
95101,0.46666666865349
95151,0.46666666865349
95201,0.46666666865349
95251,0.46666666865349
95301,0.46666666865349
95351,0.46274510025978
95401,0.46274510025978
95451,0.46274510025978
95501,0.46274510025978
95551,0.46274510025978
95601,0.46274510025978
95651,0.46274510025978
95701,0.45882353186607
95751,0.45882353186607
95801,0.45882353186607
95851,0.45882353186607
95901,0.45882353186607
95951,0.45882353186607
96001,0.45882353186607
96051,0.45882353186607
96101,0.45882353186607
96151,0.45882353186607
96201,0.45882353186607
96251,0.45882353186607
96301,0.45882353186607
96351,0.45882353186607
96401,0.45882353186607
96451,0.45882353186607
96501,0.45882353186607
96551,0.45882353186607
96601,0.45882353186607
96651,0.46274510025978
96701,0.46274510025978
96751,0.46274510025978
96801,0.46274510025978
96851,0.46274510025978
96901,0.46274510025978
96951,0.46666666865349
97001,0.46666666865349
97051,0.46666666865349
97101,0.46666666865349
97151,0.46666666865349
97201,0.4705882370472
97251,0.4705882370472
97301,0.4705882370472
97351,0.4705882370472
97401,0.4705882370472
97451,0.4745098054409
97501,0.4745098054409
97551,0.4745098054409
97601,0.4745098054409
97651,0.4745098054409
97701,0.47843137383461
97751,0.47843137383461
97801,0.47843137383461
97851,0.47843137383461
97901,0.47843137383461
97951,0.48235294222832
98001,0.48235294222832
98051,0.48235294222832
98101,0.48235294222832
98151,0.48235294222832
98201,0.48235294222832
98251,0.48235294222832
98301,0.48235294222832
98351,0.48235294222832
98401,0.48235294222832
98451,0.48235294222832
98501,0.48235294222832
98551,0.48627451062202
98601,0.48235294222832
98651,0.48235294222832
98701,0.48235294222832
98751,0.48235294222832
98801,0.48235294222832
98851,0.48235294222832
98901,0.48235294222832
98951,0.48235294222832
99001,0.48235294222832
99051,0.47843137383461
99101,0.47843137383461
99151,0.47843137383461
99201,0.47843137383461
99251,0.47843137383461
99301,0.47843137383461
99351,0.4745098054409
99401,0.4745098054409
99451,0.4745098054409
99501,0.4745098054409
99551,0.4745098054409
99601,0.4745098054409
99651,0.4745098054409
99701,0.4745098054409
99751,0.4705882370472
99801,0.4705882370472
99851,0.4705882370472
99901,0.4705882370472
99951,0.4705882370472
100001,0.46666666865349
100051,0.46666666865349
100101,0.46666666865349
100151,0.46666666865349
100201,0.46666666865349
100251,0.46666666865349
100301,0.46666666865349
100351,0.46666666865349
100401,0.46274510025978
100451,0.46274510025978
100501,0.46274510025978
100551,0.46274510025978
100601,0.46274510025978
100651,0.46274510025978
100701,0.46274510025978
100751,0.46274510025978
100801,0.46274510025978
100851,0.46274510025978
100901,0.46274510025978
100951,0.46274510025978
101001,0.46274510025978
101051,0.46274510025978
101101,0.46274510025978
101151,0.46274510025978
101201,0.46274510025978
101251,0.46274510025978
101301,0.46274510025978
101351,0.46274510025978
101401,0.46274510025978
101451,0.46274510025978
101501,0.46274510025978
101551,0.46274510025978
101601,0.46274510025978
101651,0.46274510025978
101701,0.46274510025978
101751,0.46274510025978
101801,0.46274510025978
101851,0.46666666865349
101901,0.46666666865349
101951,0.46666666865349
102001,0.46666666865349
102051,0.46666666865349
102101,0.46666666865349
102151,0.46666666865349
102201,0.46666666865349
102251,0.4705882370472
102301,0.4705882370472
102351,0.4705882370472
102401,0.4705882370472
102451,0.4705882370472
102501,0.4705882370472
102551,0.4745098054409
102601,0.4745098054409
102651,0.4745098054409
102701,0.4745098054409
102751,0.4745098054409
102801,0.47843137383461
102851,0.47843137383461
102901,0.47843137383461
102951,0.47843137383461
103001,0.48235294222832
103051,0.48235294222832
103101,0.48235294222832
103151,0.48627451062202
103201,0.48627451062202
103251,0.48627451062202
103301,0.49019607901573
103351,0.49019607901573
103401,0.49019607901573
103451,0.49411764740944
103501,0.49411764740944
103551,0.49411764740944
103601,0.49803921580315
103651,0.49803921580315
103701,0.49803921580315
103751,0.50196081399918
103801,0.50196081399918
103851,0.50196081399918
103901,0.50196081399918
103951,0.50588238239288
104001,0.50588238239288
104051,0.50588238239288
104101,0.50588238239288
104151,0.50588238239288
104201,0.50980395078659
104251,0.50980395078659
104301,0.50980395078659
104351,0.50980395078659
104401,0.50980395078659
104451,0.50980395078659
104501,0.50980395078659
104551,0.50980395078659
104601,0.50980395078659
104651,0.50980395078659
104701,0.50980395078659
104751,0.50980395078659
104801,0.50980395078659
104851,0.50980395078659
104901,0.50980395078659
104951,0.50980395078659
105001,0.50980395078659
105051,0.50980395078659
105101,0.50980395078659
105151,0.50980395078659
105201,0.50980395078659
105251,0.50980395078659
105301,0.50588238239288
105351,0.50588238239288
105401,0.50588238239288
105451,0.50588238239288
105501,0.50588238239288
105551,0.50196081399918
105601,0.50196081399918
105651,0.50196081399918
105701,0.50196081399918
105751,0.49803921580315
105801,0.49803921580315
105851,0.49803921580315
105901,0.49411764740944
105951,0.49411764740944
106001,0.49411764740944
106051,0.49411764740944
106101,0.49019607901573
106151,0.49019607901573
106201,0.49019607901573
106251,0.49019607901573
106301,0.48627451062202
106351,0.48627451062202
106401,0.48627451062202
106451,0.48627451062202
106501,0.48235294222832
106551,0.48235294222832
106601,0.48235294222832
106651,0.48235294222832
106701,0.47843137383461
106751,0.47843137383461
106801,0.47843137383461
106851,0.47843137383461
106901,0.4745098054409
106951,0.4745098054409
107001,0.4745098054409
107051,0.4705882370472
107101,0.4705882370472
107151,0.4705882370472
107201,0.46666666865349
107251,0.46666666865349
107301,0.46274510025978
107351,0.46274510025978
107401,0.46274510025978
107451,0.45882353186607
107501,0.45882353186607
107551,0.45882353186607
107601,0.45882353186607
107651,0.45490196347237
107701,0.45490196347237
107751,0.45490196347237
107801,0.45490196347237
107851,0.45098039507866
107901,0.45098039507866
107951,0.45098039507866
108001,0.45098039507866
108051,0.45098039507866
108101,0.45098039507866
108152,0.45098039507866
108202,0.45098039507866
108252,0.45098039507866
108302,0.44705882668495
108352,0.44705882668495
108402,0.44705882668495
108452,0.44705882668495
108502,0.44705882668495
108552,0.44705882668495
108602,0.44705882668495
108652,0.44705882668495
108702,0.44705882668495
108752,0.44705882668495
108802,0.44705882668495
108852,0.45098039507866
108902,0.45098039507866
108952,0.45098039507866
109002,0.45098039507866
109052,0.45098039507866
109102,0.45098039507866
109152,0.45098039507866
109202,0.45098039507866
109252,0.45490196347237
109302,0.45490196347237
109352,0.45490196347237
109402,0.45490196347237
109452,0.45490196347237
109502,0.45490196347237
109552,0.45882353186607
109602,0.45882353186607
109652,0.45882353186607
109702,0.45882353186607
109752,0.45882353186607
109802,0.46274510025978
109852,0.46274510025978
109902,0.46274510025978
109952,0.46274510025978
110002,0.46666666865349
110052,0.46666666865349
110102,0.46666666865349
110152,0.46666666865349
110202,0.46666666865349
110252,0.46666666865349
110302,0.4705882370472
110352,0.4705882370472
110402,0.4705882370472
110452,0.4705882370472
110502,0.4705882370472
110552,0.4745098054409
110602,0.4745098054409
110652,0.4745098054409
110702,0.4745098054409
110752,0.47843137383461
110802,0.47843137383461
110852,0.47843137383461
110902,0.48235294222832
110952,0.48235294222832
111002,0.48235294222832
111052,0.48235294222832
111102,0.48627451062202
111152,0.48627451062202
111202,0.48627451062202
111252,0.49019607901573
111302,0.49019607901573
111352,0.49019607901573
111402,0.49411764740944
111452,0.49411764740944
111502,0.49411764740944
111552,0.49411764740944
111602,0.49411764740944
111652,0.49411764740944
111702,0.49803921580315
111752,0.49803921580315
111802,0.49803921580315
111852,0.49803921580315
111902,0.49803921580315
111952,0.49803921580315
112002,0.49803921580315
112052,0.49803921580315
112102,0.49803921580315
112152,0.49803921580315
112202,0.49803921580315
112252,0.49803921580315
112302,0.49803921580315
112352,0.49803921580315
112402,0.49803921580315
112452,0.49803921580315
112502,0.49411764740944
112552,0.49411764740944
112602,0.49411764740944
112652,0.49411764740944
112702,0.49411764740944
112752,0.49019607901573
112802,0.49019607901573
112852,0.49019607901573
112902,0.49019607901573
112952,0.49019607901573
113002,0.48627451062202
113052,0.48627451062202
113102,0.48627451062202
113152,0.48627451062202
113202,0.48235294222832
113252,0.48235294222832
113302,0.48235294222832
113352,0.47843137383461
113402,0.47843137383461
113452,0.47843137383461
113502,0.47843137383461
113552,0.4745098054409
113602,0.4745098054409
113652,0.4745098054409
113702,0.4745098054409
113752,0.4705882370472
113802,0.4705882370472
113852,0.4705882370472
113902,0.46666666865349
113952,0.46666666865349
114002,0.46666666865349
114052,0.46666666865349
114102,0.46274510025978
114152,0.46274510025978
114202,0.46274510025978
114252,0.46274510025978
114302,0.45882353186607
114352,0.45882353186607
114402,0.45882353186607
114452,0.45490196347237
114502,0.45490196347237
114552,0.45490196347237
114602,0.45490196347237
114652,0.45098039507866
114702,0.45098039507866
114752,0.45098039507866
114802,0.45098039507866
114852,0.45098039507866
114902,0.44705882668495
114952,0.44705882668495
115002,0.44705882668495
115052,0.44705882668495
115102,0.44705882668495
115152,0.44705882668495
115202,0.44705882668495
115252,0.44313725829124
115302,0.44313725829124
115352,0.44313725829124
115402,0.44313725829124
115452,0.44313725829124
115502,0.44313725829124
115552,0.44313725829124
115602,0.44313725829124
115652,0.44313725829124
115702,0.44313725829124
115752,0.44313725829124
115802,0.44313725829124
115852,0.44313725829124
115902,0.44313725829124
115952,0.44705882668495
116002,0.44705882668495
116052,0.44705882668495
116102,0.44705882668495
116152,0.44705882668495
116202,0.44705882668495
116252,0.44705882668495
116302,0.45098039507866
116352,0.45098039507866
116402,0.45098039507866
116452,0.45098039507866
116502,0.45098039507866
116552,0.45098039507866
116602,0.45490196347237
116652,0.45490196347237
116702,0.45490196347237
116752,0.45490196347237
116802,0.45882353186607
116852,0.45882353186607
116902,0.45882353186607
116952,0.45882353186607
117002,0.45882353186607
117052,0.46274510025978
117102,0.46274510025978
117152,0.46274510025978
117202,0.46274510025978
117252,0.46274510025978
117302,0.46666666865349
117352,0.46666666865349
117402,0.46666666865349
117452,0.46666666865349
117502,0.4705882370472
117552,0.4705882370472
117602,0.4705882370472
117652,0.4705882370472
117702,0.4705882370472
117752,0.4745098054409
117802,0.4745098054409
117852,0.4745098054409
117902,0.4745098054409
117952,0.47843137383461
118002,0.47843137383461
118052,0.47843137383461
118102,0.47843137383461
118152,0.48235294222832
118202,0.48235294222832
118252,0.48235294222832
118302,0.48627451062202
118352,0.48627451062202
118402,0.48627451062202
118452,0.48627451062202
118502,0.49019607901573
118552,0.49019607901573
118602,0.49019607901573
118652,0.49019607901573
118702,0.49411764740944
118752,0.49411764740944
118802,0.49411764740944
118852,0.49411764740944
118902,0.49411764740944
118952,0.49803921580315
119002,0.49803921580315
119052,0.49803921580315
119102,0.49803921580315
119152,0.49803921580315
119202,0.49803921580315
119252,0.50196081399918
119302,0.50196081399918
119352,0.50196081399918
119402,0.50196081399918
119452,0.50196081399918
119502,0.50196081399918
119552,0.50196081399918
119602,0.50196081399918
119652,0.50196081399918
119702,0.50196081399918
119752,0.50196081399918
119802,0.50196081399918
119852,0.50196081399918
119902,0.50196081399918
119952,0.50196081399918
120002,0.50196081399918
120052,0.50196081399918
120102,0.50196081399918
120152,0.50196081399918
120202,0.50588238239288
120252,0.50588238239288
120302,0.50588238239288
120352,0.50588238239288
120402,0.50588238239288
120452,0.50588238239288
120502,0.50588238239288
120552,0.50588238239288
120602,0.50196081399918
120652,0.50196081399918
120702,0.50196081399918
120752,0.50196081399918
120802,0.50196081399918
120852,0.50196081399918
120902,0.50196081399918
120952,0.50196081399918
121002,0.50196081399918
121052,0.50196081399918
121102,0.50196081399918
121152,0.49803921580315
121202,0.49803921580315
121252,0.49803921580315
121302,0.49803921580315
121352,0.49803921580315
121402,0.49803921580315
121452,0.49411764740944
121502,0.49411764740944
121552,0.49411764740944
121602,0.49411764740944
121652,0.49019607901573
121702,0.49019607901573
121752,0.49019607901573
121802,0.49019607901573
121852,0.48627451062202
121902,0.48627451062202
121952,0.48627451062202
122002,0.48627451062202
122052,0.48235294222832
122102,0.48235294222832
122152,0.48235294222832
122202,0.48235294222832
122252,0.47843137383461
122302,0.47843137383461
122352,0.47843137383461
122402,0.4745098054409
122452,0.4745098054409
122502,0.4745098054409
122552,0.4745098054409
122602,0.4705882370472
122652,0.4705882370472
122702,0.4705882370472
122752,0.4705882370472
122802,0.4705882370472
122852,0.46666666865349
122902,0.46666666865349
122952,0.46666666865349
123002,0.46666666865349
123052,0.46666666865349
123102,0.46666666865349
123152,0.46666666865349
123202,0.46666666865349
123252,0.46666666865349
123302,0.46666666865349
123352,0.46666666865349
123402,0.46666666865349
123452,0.46666666865349
123502,0.46666666865349
123552,0.46274510025978
123602,0.46274510025978
123652,0.46274510025978
123702,0.46274510025978
123752,0.46274510025978
123802,0.46274510025978
123852,0.46274510025978
123902,0.46274510025978
123952,0.46274510025978
124002,0.46274510025978
124052,0.46666666865349
124102,0.46666666865349
124152,0.46666666865349
124202,0.46666666865349
124252,0.46666666865349
124302,0.46666666865349
124352,0.46666666865349
124402,0.46666666865349
124452,0.46666666865349
124502,0.46666666865349
124553,0.46666666865349
124603,0.46666666865349
124653,0.46666666865349
124703,0.46666666865349
124753,0.46666666865349
124803,0.46666666865349
124853,0.46666666865349
124903,0.46666666865349
124953,0.4705882370472
125003,0.4705882370472
125053,0.4705882370472
125103,0.4705882370472
125153,0.4705882370472
125203,0.4705882370472
125253,0.4705882370472
125303,0.4705882370472
125353,0.4745098054409
125403,0.4745098054409
125453,0.4745098054409
125503,0.4745098054409
125553,0.4745098054409
125603,0.47843137383461
125653,0.47843137383461
125703,0.47843137383461
125753,0.47843137383461
125803,0.48235294222832
125853,0.48235294222832
125903,0.48235294222832
125953,0.48235294222832
126003,0.48627451062202
126053,0.48627451062202
126103,0.48627451062202
126153,0.48627451062202
126203,0.49019607901573
126253,0.49019607901573
126303,0.49019607901573
126353,0.49019607901573
126403,0.49019607901573
126453,0.49411764740944
126503,0.49411764740944
126553,0.49411764740944
126603,0.49411764740944
126653,0.49803921580315
126703,0.49803921580315
126753,0.49803921580315
126803,0.49803921580315
126853,0.49803921580315
126903,0.49803921580315
126953,0.50196081399918
127003,0.50196081399918
127053,0.50196081399918
127103,0.50196081399918
127153,0.50196081399918
127203,0.50196081399918
127253,0.50196081399918
127303,0.50196081399918
127353,0.50196081399918
127403,0.50196081399918
127453,0.50588238239288
127503,0.50588238239288
127553,0.50588238239288
127603,0.50588238239288
127653,0.50588238239288
127703,0.50588238239288
127753,0.50588238239288
127803,0.50588238239288
127853,0.50588238239288
127903,0.50196081399918
127953,0.50196081399918
128003,0.50196081399918
128053,0.50196081399918
128103,0.50196081399918
128153,0.50196081399918
128203,0.50196081399918
128253,0.49803921580315
128303,0.49803921580315
128353,0.49803921580315
128403,0.49803921580315
128453,0.49803921580315
128503,0.49411764740944
128553,0.49411764740944
128603,0.49411764740944
128653,0.49411764740944
128703,0.49019607901573
128753,0.49019607901573
128803,0.49019607901573
128853,0.49019607901573
128903,0.49019607901573
128953,0.48627451062202
129003,0.48627451062202
129053,0.48627451062202
129103,0.48235294222832
129153,0.48235294222832
129203,0.48235294222832
129253,0.48235294222832
129303,0.47843137383461
129353,0.47843137383461
129403,0.47843137383461
129453,0.47843137383461
129503,0.4745098054409
129553,0.4745098054409
129603,0.4745098054409
129653,0.4745098054409
129703,0.4745098054409
129753,0.4705882370472
129803,0.4705882370472
129853,0.4705882370472
129903,0.4705882370472
129953,0.4705882370472
130003,0.4705882370472
130053,0.46666666865349
130103,0.46666666865349
130153,0.46666666865349
130203,0.46666666865349
130253,0.46666666865349
130303,0.46666666865349
130353,0.46666666865349
130403,0.46666666865349
130453,0.46666666865349
130503,0.46666666865349
130553,0.46666666865349
130603,0.46666666865349
130653,0.46666666865349
130703,0.46666666865349
130753,0.46666666865349
130803,0.46666666865349
130853,0.46666666865349
130903,0.46666666865349
130953,0.46666666865349
131003,0.46666666865349
131053,0.46666666865349
131103,0.4705882370472
131153,0.4705882370472
131203,0.4705882370472
131253,0.4705882370472
131303,0.4705882370472
131353,0.4705882370472
131403,0.4705882370472
131453,0.4705882370472
131503,0.4705882370472
131553,0.4745098054409
131603,0.4745098054409
131653,0.4745098054409
131703,0.4745098054409
131753,0.4745098054409
131803,0.4745098054409
131853,0.4745098054409
131903,0.4745098054409
131953,0.47843137383461
132003,0.47843137383461
132053,0.47843137383461
132103,0.47843137383461
132153,0.47843137383461
132203,0.47843137383461
132253,0.48235294222832
132303,0.48235294222832
132353,0.48235294222832
132403,0.48235294222832
132453,0.48235294222832
132503,0.48235294222832
132553,0.48627451062202
132603,0.48627451062202
132653,0.48627451062202
132703,0.48627451062202
132753,0.48627451062202
132803,0.49019607901573
132853,0.49019607901573
132903,0.49019607901573
132953,0.49019607901573
133003,0.49411764740944
133053,0.49411764740944
133103,0.49411764740944
133153,0.49411764740944
133203,0.49411764740944
133253,0.49803921580315
133303,0.49803921580315
133353,0.49803921580315
133403,0.49803921580315
133453,0.49803921580315
133503,0.49803921580315
133553,0.49803921580315
133603,0.50196081399918
133653,0.50196081399918
133703,0.50196081399918
133753,0.50196081399918
133803,0.50196081399918
133853,0.50196081399918
133903,0.50588238239288
133953,0.50588238239288
134003,0.50588238239288
134053,0.50588238239288
134103,0.50588238239288
134153,0.50588238239288
134203,0.50588238239288
134253,0.50588238239288
134303,0.50980395078659
134353,0.50980395078659
134403,0.50980395078659
134453,0.50980395078659
134503,0.50980395078659
134553,0.50980395078659
134603,0.50980395078659
134653,0.50980395078659
134703,0.50980395078659
134753,0.50980395078659
134803,0.50980395078659
134853,0.50980395078659
134903,0.50980395078659
134953,0.50588238239288
135003,0.50588238239288
135053,0.50588238239288
135103,0.50588238239288
135153,0.50588238239288
135203,0.50588238239288
135253,0.50588238239288
135303,0.50588238239288
135353,0.50588238239288
135403,0.50196081399918
135453,0.50196081399918
135503,0.50196081399918
135553,0.50196081399918
135603,0.50196081399918
135653,0.49803921580315
135703,0.49803921580315
135753,0.49803921580315
135803,0.49803921580315
135853,0.49803921580315
135903,0.49803921580315
135953,0.49803921580315
136003,0.49411764740944
136053,0.49411764740944
136103,0.49411764740944
136153,0.49411764740944
136203,0.49411764740944
136253,0.49411764740944
136303,0.49019607901573
136353,0.49019607901573
136403,0.49019607901573
136453,0.49019607901573
136503,0.49019607901573
136553,0.49019607901573
136603,0.49019607901573
136653,0.48627451062202
136703,0.48627451062202
136753,0.48627451062202
136803,0.48627451062202
136853,0.48627451062202
136903,0.48627451062202
136953,0.48627451062202
137003,0.48235294222832
137053,0.48235294222832
137103,0.48235294222832
137153,0.48235294222832
137203,0.48235294222832
137253,0.48235294222832
137303,0.48235294222832
137353,0.48235294222832
137403,0.48235294222832
137453,0.48235294222832
137503,0.48235294222832
137553,0.48235294222832
137603,0.48235294222832
137653,0.48235294222832
137703,0.47843137383461
137753,0.47843137383461
137803,0.48235294222832
137853,0.48235294222832
137903,0.48235294222832
137953,0.48235294222832
138003,0.48235294222832
138053,0.48235294222832
138103,0.48235294222832
138153,0.48235294222832
138203,0.48235294222832
138253,0.48235294222832
138303,0.48235294222832
138353,0.48235294222832
138403,0.48627451062202
138453,0.48627451062202
138503,0.48627451062202
138553,0.48627451062202
138603,0.48627451062202
138653,0.48627451062202
138703,0.48627451062202
138753,0.48627451062202
138803,0.48627451062202
138853,0.48627451062202
138903,0.49019607901573
138953,0.49019607901573
139003,0.49019607901573
139053,0.49019607901573
139103,0.49019607901573
139153,0.49411764740944
139203,0.49411764740944
139253,0.49411764740944
139303,0.49411764740944
139353,0.49411764740944
139403,0.49411764740944
139453,0.49803921580315
139503,0.49803921580315
139553,0.49803921580315
139603,0.49803921580315
139653,0.49803921580315
139703,0.49803921580315
139753,0.49803921580315
139803,0.50196081399918
139853,0.50196081399918
139903,0.50196081399918
139953,0.50196081399918
140003,0.50196081399918
140053,0.50196081399918
140103,0.50588238239288
140153,0.50588238239288
140203,0.50588238239288
140253,0.50588238239288
140303,0.50588238239288
140353,0.50588238239288
140403,0.50980395078659
140453,0.50980395078659
140503,0.50980395078659
140553,0.50980395078659
140603,0.50980395078659
140653,0.50980395078659
140703,0.50980395078659
140753,0.50980395078659
140803,0.50980395078659
140853,0.50980395078659
140903,0.50980395078659
140953,0.50980395078659
141003,0.50980395078659
141054,0.50980395078659
141104,0.50980395078659
141154,0.50980395078659
141204,0.50980395078659
141254,0.50980395078659
141304,0.50980395078659
141354,0.50980395078659
141404,0.50980395078659
141454,0.50980395078659
141504,0.50980395078659
141554,0.50980395078659
141604,0.50980395078659
141654,0.50980395078659
141704,0.50588238239288
141754,0.50588238239288
141804,0.50588238239288
141854,0.50588238239288
141904,0.50588238239288
141954,0.50588238239288
142004,0.50588238239288
142054,0.50196081399918
142104,0.50196081399918
142154,0.50196081399918
142204,0.50196081399918
142254,0.50196081399918
142304,0.50196081399918
142354,0.49803921580315
142404,0.49803921580315
142454,0.49803921580315
142504,0.49803921580315
142554,0.49803921580315
142604,0.49411764740944
142654,0.49411764740944
142704,0.49411764740944
142754,0.49411764740944
142804,0.49411764740944
142854,0.49019607901573
142904,0.49019607901573
142954,0.49019607901573
143004,0.49019607901573
143054,0.48627451062202
143104,0.48627451062202
143154,0.48627451062202
143204,0.48627451062202
143254,0.48627451062202
143304,0.48235294222832
143354,0.48235294222832
143404,0.48235294222832
143454,0.48235294222832
143504,0.48235294222832
143554,0.47843137383461
143604,0.47843137383461
143654,0.47843137383461
143704,0.47843137383461
143754,0.47843137383461
143804,0.4745098054409
143854,0.4745098054409
143904,0.4745098054409
143954,0.4745098054409
144004,0.4745098054409
144054,0.4745098054409
144104,0.4705882370472
144154,0.4705882370472
144204,0.4705882370472
144254,0.4705882370472
144304,0.4705882370472
144354,0.4705882370472
144404,0.4705882370472
144454,0.4705882370472
144504,0.4705882370472
144554,0.4705882370472
144604,0.4705882370472
144654,0.4705882370472
144704,0.46666666865349
144754,0.46666666865349
144804,0.46666666865349
144854,0.46666666865349
144904,0.46666666865349
144954,0.46666666865349
145004,0.46666666865349
145054,0.46666666865349
145104,0.46666666865349
145154,0.46666666865349
145204,0.46666666865349
145254,0.46666666865349
145304,0.46666666865349
145354,0.46666666865349
145404,0.46666666865349
145454,0.46666666865349
145504,0.46666666865349
145554,0.46666666865349
145604,0.46666666865349
145654,0.46666666865349
145704,0.46666666865349
145754,0.46666666865349
145804,0.46666666865349
145854,0.4705882370472
145904,0.4705882370472
145954,0.4705882370472
146004,0.4705882370472
146054,0.4705882370472
146104,0.4705882370472
146154,0.4705882370472
146204,0.4705882370472
146254,0.4705882370472
146304,0.4705882370472
146354,0.4705882370472
146404,0.4705882370472
146454,0.4705882370472
146504,0.4705882370472
146554,0.4745098054409
146604,0.4745098054409
146654,0.4745098054409
146704,0.4745098054409
146754,0.4745098054409
146804,0.4745098054409
146854,0.4745098054409
146904,0.4745098054409
146954,0.47843137383461
147004,0.47843137383461
147054,0.47843137383461
147104,0.47843137383461
147154,0.47843137383461
147204,0.47843137383461
147254,0.47843137383461
147304,0.47843137383461
147354,0.47843137383461
147404,0.47843137383461
147454,0.47843137383461
147504,0.48235294222832
147554,0.48235294222832
147604,0.48235294222832
147654,0.48235294222832
147704,0.48235294222832
147754,0.48235294222832
147804,0.48235294222832
147854,0.48235294222832
147904,0.48235294222832
147954,0.48235294222832
148004,0.48235294222832
148054,0.48235294222832
148104,0.48235294222832
148154,0.48235294222832
148204,0.48235294222832
148254,0.48627451062202
148304,0.48627451062202
148354,0.48627451062202
148404,0.48627451062202
148454,0.48235294222832
148504,0.48235294222832
148554,0.48235294222832
148604,0.48235294222832
148654,0.48235294222832
148704,0.48235294222832
148754,0.47843137383461
148804,0.47843137383461
148854,0.47843137383461
148904,0.47843137383461
148954,0.47843137383461
149004,0.47843137383461
149054,0.47843137383461
149104,0.47843137383461
149154,0.47843137383461
149204,0.47843137383461
149254,0.47843137383461
149304,0.47843137383461
149354,0.47843137383461
149404,0.47843137383461
149454,0.47843137383461
149504,0.47843137383461
149554,0.47843137383461
149604,0.47843137383461
149654,0.47843137383461
149704,0.48235294222832
149754,0.48235294222832
149804,0.48235294222832
149854,0.48235294222832
149904,0.48235294222832
149954,0.48235294222832
150004,0.48235294222832
150054,0.48235294222832
150104,0.48235294222832
150154,0.48235294222832
150204,0.48235294222832
150254,0.48235294222832
150304,0.48235294222832
150354,0.48235294222832
150404,0.48235294222832
150454,0.48235294222832
150504,0.48235294222832
150554,0.48235294222832
150604,0.47843137383461
150654,0.47843137383461
150704,0.47843137383461
150754,0.47843137383461
150804,0.47843137383461
150854,0.47843137383461
150904,0.47843137383461
150954,0.47843137383461
151004,0.47843137383461
151054,0.47843137383461
151104,0.47843137383461
151154,0.47843137383461
151204,0.47843137383461
151254,0.47843137383461
151304,0.47843137383461
151354,0.47843137383461
151404,0.47843137383461
151454,0.47843137383461
151504,0.47843137383461
151554,0.47843137383461
151604,0.47843137383461
151654,0.47843137383461
151704,0.47843137383461
151754,0.47843137383461
151804,0.47843137383461
151854,0.47843137383461
151904,0.47843137383461
151954,0.47843137383461
152004,0.47843137383461
152054,0.47843137383461
152104,0.47843137383461
152154,0.47843137383461
152204,0.47843137383461
152254,0.47843137383461
152304,0.47843137383461
152354,0.47843137383461
152404,0.47843137383461
152454,0.47843137383461
152504,0.4745098054409
152554,0.4745098054409
152604,0.4745098054409
152654,0.4745098054409
152704,0.4745098054409
152754,0.4745098054409
152804,0.4745098054409
152854,0.4745098054409
152904,0.4745098054409
152954,0.4745098054409
153004,0.4745098054409
153054,0.4745098054409
153104,0.4745098054409
153154,0.4745098054409
153204,0.4745098054409
153254,0.4745098054409
153304,0.4745098054409
153354,0.4745098054409
153404,0.4745098054409
153454,0.4745098054409
153504,0.4745098054409
153554,0.4745098054409
153604,0.4745098054409
153654,0.4745098054409
153704,0.4745098054409
153754,0.4745098054409
153804,0.4745098054409
153854,0.4745098054409
153904,0.4745098054409
153954,0.47843137383461
154004,0.47843137383461
154054,0.47843137383461
154104,0.47843137383461
154154,0.47843137383461
154204,0.47843137383461
154254,0.47843137383461
154304,0.47843137383461
154354,0.47843137383461
154404,0.47843137383461
154454,0.47843137383461
154504,0.47843137383461
154554,0.47843137383461
154604,0.47843137383461
154654,0.47843137383461
154704,0.47843137383461
154754,0.47843137383461
154804,0.47843137383461
154854,0.47843137383461
154904,0.47843137383461
154954,0.47843137383461
155004,0.48235294222832
155054,0.48235294222832
155104,0.48235294222832
155154,0.48235294222832
155204,0.48235294222832
155254,0.48235294222832
155304,0.48235294222832
155354,0.48235294222832
155404,0.48235294222832
155454,0.48235294222832
155504,0.48235294222832
155554,0.48235294222832
155604,0.48235294222832
155654,0.48235294222832
155704,0.48235294222832
155754,0.48235294222832
155804,0.48235294222832
155854,0.48235294222832
155904,0.48235294222832
155954,0.48235294222832
156004,0.48627451062202
156054,0.48627451062202
156104,0.48627451062202
156154,0.48627451062202
156204,0.48627451062202
156254,0.48627451062202
156304,0.48627451062202
156354,0.48627451062202
156404,0.48627451062202
156454,0.48235294222832
156504,0.48235294222832
156554,0.48235294222832
156604,0.48235294222832
156654,0.48235294222832
156704,0.47843137383461
156754,0.47843137383461
156804,0.47843137383461
156854,0.47843137383461
156904,0.47843137383461
156954,0.47843137383461
157004,0.47843137383461
157054,0.47843137383461
157104,0.47843137383461
157154,0.47843137383461
157204,0.47843137383461
157254,0.47843137383461
157304,0.47843137383461
157354,0.47843137383461
157404,0.47843137383461
157455,0.47843137383461
157505,0.47843137383461
157555,0.47843137383461
157605,0.47843137383461
157655,0.47843137383461
157705,0.47843137383461
157755,0.47843137383461
157805,0.47843137383461
157855,0.47843137383461
157905,0.47843137383461
157955,0.48235294222832
158005,0.48235294222832
158055,0.48235294222832
158105,0.48235294222832
158155,0.48235294222832
158205,0.48627451062202
158255,0.48627451062202
158305,0.48627451062202
158355,0.48627451062202
158405,0.49019607901573
158455,0.49019607901573
158505,0.49019607901573
158555,0.49411764740944
158605,0.49411764740944
158655,0.49411764740944
158705,0.49411764740944
158755,0.49803921580315
158805,0.49803921580315
158855,0.49803921580315
158905,0.50196081399918
158955,0.50196081399918
159005,0.50196081399918
159055,0.50196081399918
159105,0.50196081399918
159155,0.50196081399918
159205,0.50196081399918
159255,0.50196081399918
159305,0.50196081399918
159355,0.50196081399918
159405,0.50196081399918
159455,0.50196081399918
159505,0.50196081399918
159555,0.50196081399918
159605,0.50196081399918
159655,0.50196081399918
159705,0.50196081399918
159755,0.50196081399918
159805,0.50196081399918
159855,0.50196081399918
159905,0.50196081399918
159955,0.50196081399918
160005,0.49803921580315
160055,0.49803921580315
160105,0.49803921580315
160155,0.49803921580315
160205,0.49803921580315
160255,0.49803921580315
160305,0.49803921580315
160355,0.49803921580315
160405,0.49803921580315
160455,0.49803921580315
160505,0.49803921580315
160555,0.49803921580315
160605,0.49803921580315
160655,0.49803921580315
160705,0.49803921580315
160755,0.49803921580315
160805,0.49803921580315
160855,0.49803921580315
160905,0.49803921580315
160955,0.49803921580315
161005,0.49803921580315
161055,0.49803921580315
161105,0.49803921580315
161155,0.49803921580315
161205,0.49803921580315
161255,0.49803921580315
161305,0.49803921580315
161355,0.49803921580315
161405,0.49803921580315
161455,0.49803921580315
161505,0.49803921580315
161555,0.49803921580315
161605,0.49803921580315
161655,0.49803921580315
161705,0.49803921580315
161755,0.49803921580315
161805,0.49803921580315
161855,0.49803921580315
161905,0.50196081399918
161955,0.50196081399918
162005,0.50196081399918
162055,0.50196081399918
162105,0.50196081399918
162155,0.50196081399918
162205,0.50196081399918
162255,0.50588238239288
162305,0.50588238239288
162355,0.50588238239288
162405,0.50588238239288
162455,0.50588238239288
162505,0.50588238239288
162555,0.50588238239288
162605,0.50980395078659
162655,0.50980395078659
162705,0.50980395078659
162755,0.50980395078659
162805,0.50980395078659
162855,0.50980395078659
162905,0.50980395078659
162955,0.50980395078659
163005,0.50980395078659
163055,0.50980395078659
163105,0.50980395078659
163155,0.50980395078659
163205,0.50588238239288
163255,0.50588238239288
163305,0.50588238239288
163355,0.50588238239288
163405,0.50196081399918
163455,0.50196081399918
163505,0.50196081399918
163555,0.49803921580315
163605,0.49803921580315
163655,0.49803921580315
163705,0.49803921580315
163755,0.49411764740944
163805,0.49411764740944
163855,0.49411764740944
163905,0.49411764740944
163955,0.49019607901573
164005,0.49019607901573
164055,0.49019607901573
164105,0.48627451062202
164155,0.48627451062202
164205,0.48627451062202
164255,0.48627451062202
164305,0.48627451062202
164355,0.48627451062202
164405,0.48235294222832
164455,0.48235294222832
164505,0.48235294222832
164555,0.48235294222832
164605,0.48235294222832
164655,0.48235294222832
164705,0.48235294222832
164755,0.48235294222832
164805,0.48235294222832
164855,0.48235294222832
164905,0.48627451062202
164955,0.48627451062202
165005,0.48627451062202
165055,0.48627451062202
165105,0.48627451062202
165155,0.48627451062202
165205,0.48627451062202
165255,0.49019607901573
165305,0.49019607901573
165355,0.49019607901573
165405,0.49019607901573
165455,0.49019607901573
165505,0.49019607901573
165555,0.49411764740944
165605,0.49411764740944
165655,0.49411764740944
165705,0.49411764740944
165755,0.49803921580315
165805,0.49803921580315
165855,0.49803921580315
165905,0.50196081399918
165955,0.50196081399918
166005,0.50196081399918
166055,0.50588238239288
166105,0.50588238239288
166155,0.50588238239288
166205,0.50980395078659
166255,0.50980395078659
166305,0.50980395078659
166355,0.50980395078659
166405,0.50980395078659
166455,0.50980395078659
166505,0.50980395078659
166555,0.50980395078659
166605,0.50980395078659
166655,0.50980395078659
166705,0.50980395078659
166755,0.50980395078659
166805,0.50980395078659
166855,0.50980395078659
166905,0.50980395078659
166955,0.50980395078659
167005,0.50980395078659
167055,0.50980395078659
167105,0.50980395078659
167155,0.50980395078659
167205,0.50980395078659
167255,0.50980395078659
167305,0.50980395078659
167355,0.50980395078659
167405,0.50980395078659
167455,0.50980395078659
167505,0.50980395078659
167555,0.50980395078659
167605,0.50980395078659
167655,0.50980395078659
167705,0.50980395078659
167755,0.50980395078659
167805,0.50980395078659
167855,0.50980395078659
167905,0.50980395078659
167955,0.50980395078659
168005,0.50980395078659
168055,0.50980395078659
168105,0.50980395078659
168155,0.50980395078659
168205,0.50980395078659
168255,0.50980395078659
168305,0.50980395078659
168355,0.50980395078659
168405,0.50980395078659
168455,0.50980395078659
168505,0.50980395078659
168555,0.50980395078659
168605,0.50980395078659
168655,0.50980395078659
168705,0.50980395078659
168755,0.50980395078659
168805,0.50980395078659
168855,0.50980395078659
168905,0.5137255191803
168955,0.5137255191803
169005,0.5137255191803
169055,0.5137255191803
169105,0.5137255191803
169155,0.5137255191803
169205,0.5137255191803
169255,0.5137255191803
169305,0.5137255191803
169355,0.5137255191803
169405,0.5137255191803
169455,0.5137255191803
169505,0.51764708757401
169555,0.51764708757401
169605,0.51764708757401
169655,0.51764708757401
169705,0.51764708757401
169755,0.51764708757401
169805,0.51764708757401
169855,0.51764708757401
169905,0.51764708757401
169955,0.51764708757401
170005,0.51764708757401
170055,0.51764708757401
170105,0.51764708757401
170155,0.51764708757401
170205,0.51764708757401
170255,0.51764708757401
170305,0.51764708757401
170355,0.51764708757401
170405,0.51764708757401
170455,0.51764708757401
170505,0.51764708757401
170555,0.51764708757401
170605,0.51764708757401
170655,0.51764708757401
170705,0.51764708757401
170755,0.51764708757401
170805,0.51764708757401
170855,0.51764708757401
170905,0.51764708757401
170955,0.52156865596771
171005,0.52156865596771
171055,0.52156865596771
171105,0.52156865596771
171155,0.52156865596771
171205,0.52156865596771
171255,0.52156865596771
171305,0.52156865596771
171355,0.52156865596771
171405,0.52156865596771
171455,0.52156865596771
171505,0.52156865596771
171555,0.52156865596771
171605,0.52156865596771
171655,0.52156865596771
171705,0.52156865596771
171755,0.52156865596771
171805,0.51764708757401
171855,0.51764708757401
171905,0.51764708757401
171955,0.51764708757401
172005,0.51764708757401
172055,0.51764708757401
172105,0.51764708757401
172155,0.51764708757401
172205,0.5137255191803
172255,0.5137255191803
172305,0.5137255191803
172355,0.5137255191803
172405,0.5137255191803
172455,0.5137255191803
172505,0.50980395078659
172555,0.50980395078659
172605,0.50980395078659
172655,0.50980395078659
172705,0.50588238239288
172755,0.50588238239288
172805,0.50588238239288
172855,0.50588238239288
172905,0.50588238239288
172955,0.50588238239288
173005,0.50588238239288
173055,0.50588238239288
173105,0.50588238239288
173155,0.50588238239288
173205,0.50588238239288
173255,0.50588238239288
173305,0.50588238239288
173355,0.50588238239288
173405,0.50588238239288
173455,0.50588238239288
173505,0.50588238239288
173555,0.50588238239288
173605,0.50588238239288
173655,0.50588238239288
173705,0.50588238239288
173755,0.50588238239288
173805,0.50588238239288
173856,0.50588238239288
173906,0.50588238239288
173956,0.50588238239288
174006,0.50980395078659
174056,0.50980395078659
174106,0.50980395078659
174156,0.50980395078659
174206,0.50980395078659
174256,0.50980395078659
174306,0.5137255191803
174356,0.5137255191803
174406,0.5137255191803
174456,0.5137255191803
174506,0.5137255191803
174556,0.51764708757401
174606,0.51764708757401
174656,0.51764708757401
174706,0.52156865596771
174756,0.52156865596771
174806,0.52156865596771
174856,0.52156865596771
174906,0.52549022436142
174956,0.52549022436142
175006,0.52549022436142
175056,0.52549022436142
175106,0.52941179275513
175156,0.52941179275513
175206,0.52941179275513
175256,0.52941179275513
175306,0.53333336114883
175356,0.53333336114883
175406,0.53333336114883
175456,0.53725492954254
175506,0.53725492954254
175556,0.53725492954254
175606,0.53725492954254
175656,0.53725492954254
175706,0.54117649793625
175756,0.54117649793625
175806,0.54117649793625
175856,0.54117649793625
175906,0.54509806632996
175956,0.54509806632996
176006,0.54509806632996
176056,0.54509806632996
176106,0.54509806632996
176156,0.54509806632996
176206,0.54901963472366
176256,0.54901963472366
176306,0.54901963472366
176356,0.54901963472366
176406,0.54901963472366
176456,0.54901963472366
176506,0.54901963472366
176556,0.54901963472366
176606,0.55294120311737
176656,0.55294120311737
176706,0.55294120311737
176756,0.55294120311737
176806,0.55294120311737
176856,0.55294120311737
176906,0.55294120311737
176956,0.55294120311737
177006,0.55294120311737
177056,0.55294120311737
177106,0.55294120311737
177156,0.55294120311737
177206,0.55294120311737
177256,0.55294120311737
177306,0.54901963472366
177356,0.54901963472366
177406,0.54901963472366
177456,0.54901963472366
177506,0.54901963472366
177556,0.54901963472366
177606,0.54901963472366
177656,0.54509806632996
177706,0.54509806632996
177756,0.54509806632996
177806,0.54509806632996
177856,0.54117649793625
177906,0.54117649793625
177956,0.54117649793625
178006,0.54117649793625
178056,0.54117649793625
178106,0.53725492954254
178156,0.53725492954254
178206,0.53725492954254
178256,0.53333336114883
178306,0.53333336114883
178356,0.53333336114883
178406,0.53333336114883
178456,0.52941179275513
178506,0.52941179275513
178556,0.52941179275513
178606,0.52941179275513
178656,0.52549022436142
178706,0.52549022436142
178756,0.52549022436142
178806,0.52549022436142
178856,0.52156865596771
178906,0.52156865596771
178956,0.52156865596771
179006,0.52156865596771
179056,0.51764708757401
179106,0.51764708757401
179156,0.51764708757401
179206,0.51764708757401
179256,0.51764708757401
179306,0.5137255191803
179356,0.5137255191803
179406,0.5137255191803
179456,0.5137255191803
179506,0.50980395078659
179556,0.50980395078659
179606,0.50980395078659
179656,0.50980395078659
179706,0.50980395078659
179756,0.50588238239288
179806,0.50588238239288
179856,0.50588238239288
179906,0.50588238239288
179956,0.50588238239288
180006,0.50588238239288
180056,0.50196081399918
180106,0.50196081399918
180156,0.50196081399918
180206,0.50196081399918
180256,0.50196081399918
180306,0.50196081399918
180356,0.50196081399918
180406,0.50196081399918
180456,0.50196081399918
180506,0.50196081399918
180556,0.50196081399918
180606,0.50196081399918
180656,0.50196081399918
180706,0.50196081399918
180756,0.50196081399918
180806,0.50196081399918
180856,0.50196081399918
180906,0.50196081399918
180956,0.50196081399918
181006,0.50196081399918
181056,0.50196081399918
181106,0.50588238239288
181156,0.50588238239288
181206,0.50588238239288
181256,0.50588238239288
181306,0.50588238239288
181356,0.50588238239288
181406,0.50980395078659
181456,0.50980395078659
181506,0.50980395078659
181556,0.50980395078659
181606,0.50980395078659
181656,0.50980395078659
181706,0.5137255191803
181756,0.5137255191803
181806,0.5137255191803
181856,0.5137255191803
181906,0.5137255191803
181956,0.5137255191803
182006,0.51764708757401
182056,0.51764708757401
182106,0.51764708757401
182156,0.51764708757401
182206,0.52156865596771
182256,0.52156865596771
182306,0.52156865596771
182356,0.52156865596771
182406,0.52549022436142
182456,0.52549022436142
182506,0.52549022436142
182556,0.52941179275513
182606,0.52941179275513
182656,0.52941179275513
182706,0.52941179275513
182756,0.52941179275513
182806,0.53333336114883
182856,0.53333336114883
182906,0.53333336114883
182956,0.53333336114883
183006,0.53333336114883
183056,0.53725492954254
183106,0.53725492954254
183156,0.53725492954254
183206,0.53725492954254
183256,0.54117649793625
183306,0.54117649793625
183356,0.54117649793625
183406,0.54117649793625
183456,0.54509806632996
183506,0.54509806632996
183556,0.54509806632996
183606,0.54509806632996
183656,0.54509806632996
183706,0.54509806632996
183756,0.54509806632996
183806,0.54509806632996
183856,0.54901963472366
183906,0.54901963472366
183956,0.54901963472366
184006,0.54901963472366
184056,0.54901963472366
184106,0.54901963472366
184156,0.54901963472366
184206,0.54901963472366
184256,0.54901963472366
184306,0.54901963472366
184356,0.54901963472366
184406,0.54901963472366
184456,0.54509806632996
184506,0.54509806632996
184556,0.54509806632996
184606,0.54509806632996
184656,0.54509806632996
184706,0.54509806632996
184756,0.54509806632996
184806,0.54117649793625
184856,0.54117649793625
184906,0.54117649793625
184956,0.54117649793625
185006,0.54117649793625
185056,0.53725492954254
185106,0.53725492954254
185156,0.53725492954254
185206,0.53725492954254
185256,0.53725492954254
185306,0.53725492954254
185356,0.53333336114883
185406,0.53333336114883
185456,0.53333336114883
185506,0.53333336114883
185556,0.53333336114883
185606,0.52941179275513
185656,0.52941179275513
185706,0.52941179275513
185756,0.52941179275513
185806,0.52941179275513
185856,0.52549022436142
185906,0.52549022436142
185956,0.52549022436142
186006,0.52549022436142
186056,0.52156865596771
186106,0.52156865596771
186156,0.52156865596771
186206,0.52156865596771
186256,0.52156865596771
186306,0.52156865596771
186356,0.51764708757401
186406,0.51764708757401
186456,0.51764708757401
186506,0.51764708757401
186556,0.51764708757401
186606,0.51764708757401
186656,0.51764708757401
186706,0.5137255191803
186756,0.5137255191803
186806,0.5137255191803
186856,0.5137255191803
186906,0.50980395078659
186956,0.50980395078659
187006,0.50980395078659
187056,0.50980395078659
187106,0.50980395078659
187156,0.50588238239288
187206,0.50588238239288
187256,0.50588238239288
187306,0.50588238239288
187356,0.50588238239288
187406,0.50196081399918
187456,0.50196081399918
187506,0.50196081399918
187556,0.50196081399918
187606,0.49803921580315
187656,0.49803921580315
187706,0.49803921580315
187756,0.49803921580315
187806,0.49803921580315
187856,0.49803921580315
187906,0.49803921580315
187956,0.49803921580315
188006,0.49411764740944
188056,0.49411764740944
188106,0.49803921580315
188156,0.49803921580315
188206,0.49803921580315
188256,0.49803921580315
188306,0.49803921580315
188356,0.49803921580315
188406,0.49803921580315
188456,0.49803921580315
188506,0.49803921580315
188556,0.49803921580315
188606,0.50196081399918
188656,0.50196081399918
188706,0.50196081399918
188756,0.50196081399918
188806,0.50196081399918
188856,0.50588238239288
188906,0.50588238239288
188956,0.50588238239288
189006,0.50588238239288
189056,0.50588238239288
189106,0.50980395078659
189156,0.50980395078659
189206,0.50980395078659
189256,0.5137255191803
189306,0.5137255191803
189356,0.5137255191803
189406,0.5137255191803
189456,0.51764708757401
189506,0.51764708757401
189556,0.51764708757401
189606,0.51764708757401
189656,0.51764708757401
189706,0.52156865596771
189756,0.52156865596771
189806,0.52156865596771
189856,0.52156865596771
189906,0.52549022436142
189956,0.52549022436142
190006,0.52549022436142
190056,0.52549022436142
190106,0.52941179275513
190156,0.52941179275513
190207,0.52941179275513
190257,0.52941179275513
190307,0.53333336114883
190357,0.53333336114883
190407,0.53333336114883
190457,0.53333336114883
190507,0.53725492954254
190557,0.53725492954254
190607,0.53725492954254
190657,0.53725492954254
190707,0.54117649793625
190757,0.54117649793625
190807,0.54117649793625
190857,0.54117649793625
190907,0.54509806632996
190957,0.54509806632996
191007,0.54509806632996
191057,0.54509806632996
191107,0.54509806632996
191157,0.54509806632996
191207,0.54901963472366
191257,0.54901963472366
191307,0.54901963472366
191357,0.54901963472366
191407,0.54901963472366
191457,0.55294120311737
191507,0.55294120311737
191557,0.55294120311737
191607,0.55294120311737
191657,0.55294120311737
191707,0.55294120311737
191757,0.55294120311737
191807,0.55294120311737
191857,0.55294120311737
191907,0.55686277151108
191957,0.55686277151108
